--@Autor(es):       Gutiérrez Castillo Oscar, Valderrama Navarro Armando
--@Fecha creación:  01/12/2018
--@Descripción:     <breve descripción del contenido y propósito del archivo>

INSERT INTO DIA_SEMANA(DIA_SEMANA_ID,DESCRIPCION) VALUES (1,'LUNES');
INSERT INTO DIA_SEMANA(DIA_SEMANA_ID,DESCRIPCION) VALUES (2,'MARTES');
INSERT INTO DIA_SEMANA(DIA_SEMANA_ID,DESCRIPCION) VALUES (3,'MIERCOLES');
INSERT INTO DIA_SEMANA(DIA_SEMANA_ID,DESCRIPCION) VALUES (4,'JUEVES');
INSERT INTO DIA_SEMANA(DIA_SEMANA_ID,DESCRIPCION) VALUES (5,'VIERNES');
INSERT INTO DIA_SEMANA(DIA_SEMANA_ID,DESCRIPCION) VALUES (6,'SÁBADO');


INSERT INTO STATUS_TESIS(STATUS_TESIS_ID,CLAVE,DESCRIPCION) VALUES (1,'REGISTRADA','TESIS REGISTRADA');
INSERT INTO STATUS_TESIS(STATUS_TESIS_ID,CLAVE,DESCRIPCION) VALUES (2,'VALIDADA','TESIS VALIDADA, SE SIGNAN SINODALES Y DIRECTOR');
INSERT INTO STATUS_TESIS(STATUS_TESIS_ID,CLAVE,DESCRIPCION) VALUES (3,'CONCLUIDA','TESIS ENTREGADA, EN ESPERA DE RESPUESTA');
INSERT INTO STATUS_TESIS(STATUS_TESIS_ID,CLAVE,DESCRIPCION) VALUES (4,'CANCELADA','TESIS NO APRBADA');
INSERT INTO STATUS_TESIS(STATUS_TESIS_ID,CLAVE,DESCRIPCION) VALUES (5,'CON_CEDULA','TESIS APROBADA, SE ASIANAN CEDULAS PROFESIONALES');


INSERT INTO CARRERA(CARRERA_ID,NOMBRE,CLAVE,DESCRIPCION) VALUES (CARRERA_SEQ.NEXTVAL,'INGENIERIA EN COMPUTACION',001,'LA CARRERA DE INGENIERO EN COMPUTACIÓN TIENE COMO OBJETIVO FORMAR PROFESIONALES CAPACES DE PLANEAR, DISEÑAR, ORGANIZAR, PRODUCIR, OPERAR Y DAR SOPORTE TÉCNICO A LOS SISTEMAS ELECTRÓNICOS PARA EL PROCESAMIENTO DE DATOS, A LOS SISTEMAS DE PROGRAMACIÓN -DE BASE Y DE APLICACIÓN DEL EQUIPO DE CÓMPUTO-, ASÍ COMO EFECTUAR EL CONTROL DIGITAL DE PROCESOS AUTOMÁTICOS.')
INSERT INTO CARRERA(CARRERA_ID,NOMBRE,CLAVE,DESCRIPCION) VALUES (CARRERA_SEQ.NEXTVAL,'INGENIERIA ELECTRICA',002,'LA CARRERA DE INGENIERÍA ELÉCTRICA ELECTRÓNICA TIENE COMO OBJETIVO FORMAR PROFESIONISTAS QUE UTILIZAN LAS CIENCIAS FÍSICAS, QUÍMICAS Y MATEMÁTICAS, ASÍ COMO TÉCNICAS DE INGENIERÍA, ECONOMÍA, COMPUTACIÓN Y ADMINISTRACIÓN PARA TRANSFORMAR LA NATURALEZA MEDIANTE DISPOSITIVOS MECÁNICOS, ELÉCTRICOS Y ELECTRÓNICOS EN BENEFICIO DE LA SOCIEDAD, Y PARA OPTIMAR LA INTEGRACIÓN Y EL FUNCIONAMIENTO DE LOS SISTEMAS PRODUCTIVOS FORMADOS POR HOMBRES, MÁQUINAS E INSUMOS.')
INSERT INTO CARRERA(CARRERA_ID,NOMBRE,CLAVE,DESCRIPCION) VALUES (CARRERA_SEQ.NEXTVAL,'INGENIERIA EN TELECOMUNICACIONES',003,'EL INGENIERO EN TELECOMUNICACIONES ES EL PROFESIONISTA QUE APLICA CONOCIMIENTOS DE LAS CIENCIAS BÁSICAS - FÍSICA Y MATEMÁTICAS-, ASÍ COMO LOS CORRESPONDIENTES A SEÑALES, SISTEMAS, ELECTRÓNICA Y COMPUTACIÓN PARA ANALIZAR, DISEÑAR, PLANEAR, ORGANIZAR, PRODUCIR, INSTALAR, DESARROLLAR, ADEMÁS DE MANTENER EN OPERACIÓN Y ADMINISTRAR REDES Y SISTEMAS DE TELECOMUNICACIONES.')
INSERT INTO CARRERA(CARRERA_ID,NOMBRE,CLAVE,DESCRIPCION) VALUES (CARRERA_SEQ.NEXTVAL,'INGENIERIA MECANICA',004,'LA CARRERA DE INGENIERÍA MECÁNICA FORMA PROFESIONALES QUE, MEDIANTE EL USO DE LA FÍSICA, LA QUÍMICA, LAS MATEMÁTICAS Y LAS TÉCNICAS DE INGENIERÍA, PROPORCIONAN A LA SOCIEDAD HERRAMIENTAS Y BIENES QUE LE PERMITEN APROVECHAR LOS RECURSOS NATURALES PARA SATISFACER LAS NECESIDADES MATERIALES, SOCIALES E INCLUSO INTELECTUALES DEL HOMBRE.')
INSERT INTO CARRERA(CARRERA_ID,NOMBRE,CLAVE,DESCRIPCION) VALUES (CARRERA_SEQ.NEXTVAL,'INGENIERIA CIVIL',005,'EL INGENIERO CIVIL ES EL PROFESIONISTA QUE POSEE UNA FORMACIÓN MULTIDISCIPLINARIA CONFORMADA POR CONOCIMIENTOS GENERALES DE MATEMÁTICAS, FÍSICA, QUÍMICA; Y DE LAS ÁREAS ESPECÍFICAS DE LA DISCIPLINA, LOS QUE AUNADOS A LAS NOCIONES EN COMPUTACIÓN, COMUNICACIÓN GRÁFICA, INFORMÁTICA, ADMINISTRACIÓN Y EVALUACIÓN DE PROYECTOS, LO CAPACITAN PARA PARTICIPAR EN LAS ETAPAS DE PLANEACIÓN, DISEÑO, ORGANIZACIÓN, CONSTRUCCIÓN, OPERACIÓN Y CONSERVACIÓN DE OBRAS CIVILES Y DE INFRAESTRUCTURA.')


INSERT INTO PLAN_ESTUDIOS(PLAN_ESTUDIOS_ID,CLAVE,FECHA_APROBACION,FECHA_TERMINO) VALUES (PLAN_ESTUDIOS_SEQ.NEXTVAL,'PL-2010',TO_DATE('2010-01-01','YYYY-MM-DD'),TO_DATE('2015-12-30','YYYY-MM-DD'));
INSERT INTO PLAN_ESTUDIOS(PLAN_ESTUDIOS_ID,CLAVE,FECHA_APROBACION,FECHA_TERMINO) VALUES (PLAN_ESTUDIOS_SEQ.NEXTVAL,'PL-2016',TO_DATE('2016-01-01','YYYY-MM-DD'),TO_DATE('2020-12-30','YYYY-MM-DD'));

INSERT INTO SEMESTRE(SEMESTRE_ID,ANIO,PERIODO) VALUES
                    (SEMESTRE_SEQ.NEXTVAL,'2011',SEMESTRE_PERIODO_SEQ.NEXTVAL);
INSERT INTO SEMESTRE(SEMESTRE_ID,ANIO,PERIODO) VALUES
                    (SEMESTRE_SEQ.NEXTVAL,'2011',SEMESTRE_PERIODO_SEQ.NEXTVAL);
INSERT INTO SEMESTRE(SEMESTRE_ID,ANIO,PERIODO) VALUES
                    (SEMESTRE_SEQ.NEXTVAL,'2016',SEMESTRE_PERIODO_SEQ.NEXTVAL);
INSERT INTO SEMESTRE(SEMESTRE_ID,ANIO,PERIODO) VALUES
                    (SEMESTRE_SEQ.NEXTVAL,'2016',SEMESTRE_PERIODO_SEQ.NEXTVAL);



--PLAN DE ESTUDIOS PL-2010--
INSERT INTO ASIGNATURA(ASIGNATURA_ID,CLAVE,NOMBRE,SEMESTRE_CURSAR,CREDITOS,PLAN_ESTUDIOS_ID,
  ASIGNATURA_ANTECEDENTE,SEMESTRE_IMPARTICION) VALUES 
           (ASIGNATURA_SEQ.NEXTVAL,'ALGB','ALGEBRA',1,10,1,
  NULL,NULL);
INSERT INTO ASIGNATURA(ASIGNATURA_ID,CLAVE,NOMBRE,SEMESTRE_CURSAR,CREDITOS,PLAN_ESTUDIOS_ID,
  ASIGNATURA_ANTECEDENTE,SEMESTRE_IMPARTICION) VALUES 
           (ASIGNATURA_SEQ.NEXTVAL,'ALLI','ALGEBRA LINEAL',2,10,1,
  NULL,NULL);
INSERT INTO ASIGNATURA(ASIGNATURA_ID,CLAVE,NOMBRE,SEMESTRE_CURSAR,CREDITOS,PLAN_ESTUDIOS_ID,
  ASIGNATURA_ANTECEDENTE,SEMESTRE_IMPARTICION) VALUES 
           (ASIGNATURA_SEQ.NEXTVAL,'LFYA','LENGUAJES FORMALES Y AUTOMATAS',5,8,1,
  NULL,5);
INSERT INTO ASIGNATURA(ASIGNATURA_ID,CLAVE,NOMBRE,SEMESTRE_CURSAR,CREDITOS,PLAN_ESTUDIOS_ID,
  ASIGNATURA_ANTECEDENTE,SEMESTRE_IMPARTICION) VALUES 
           (ASIGNATURA_SEQ.NEXTVAL,'SO','SISTEMAS OPERATIVOS',6,8,1,
  3,6);
--PLAN DE ESTUDIOS PL-2010--

INSERT INTO ASIGNATURA(ASIGNATURA_ID,CLAVE,NOMBRE,SEMESTRE_CURSAR,CREDITOS,PLAN_ESTUDIOS_ID,
  ASIGNATURA_ANTECEDENTE,SEMESTRE_IMPARTICION) VALUES 
           (ASIGNATURA_SEQ.NEXTVAL,'ALGB','ALGEBRA',1,10,2,
  NULL,NULL);
INSERT INTO ASIGNATURA(ASIGNATURA_ID,CLAVE,NOMBRE,SEMESTRE_CURSAR,CREDITOS,PLAN_ESTUDIOS_ID,
  ASIGNATURA_ANTECEDENTE,SEMESTRE_IMPARTICION) VALUES 
           (ASIGNATURA_SEQ.NEXTVAL,'ALLI','ALGEBRA LINEAL',2,10,2,
  NULL,NULL);
INSERT INTO ASIGNATURA(ASIGNATURA_ID,CLAVE,NOMBRE,SEMESTRE_CURSAR,CREDITOS,PLAN_ESTUDIOS_ID,
  ASIGNATURA_ANTECEDENTE,SEMESTRE_IMPARTICION) VALUES 
           (ASIGNATURA_SEQ.NEXTVAL,'LFYA','LENGUAJES FORMALES Y AUTOMATAS',5,8,2,
  NULL,5);
INSERT INTO ASIGNATURA(ASIGNATURA_ID,CLAVE,NOMBRE,SEMESTRE_CURSAR,CREDITOS,PLAN_ESTUDIOS_ID,
  ASIGNATURA_ANTECEDENTE,SEMESTRE_IMPARTICION) VALUES 
           (ASIGNATURA_SEQ.NEXTVAL,'SO','SISTEMAS OPERATIVOS',6,8,2,
  7,6);


INSERT INTO HORARIO(HORARIO_ID,DIA_IMPARTICION,NUMERO_SALON,NUMERO_CLASE,HORA_INICIO,HORA_FIN) VALUES
                   (HORARIO_SEQ.NEXTVAL,1,'A101',1,TO_DATE('07:00', 'HH24:MIN'),TO_DATE('09:00', 'HH24:MIN'));
INSERT INTO HORARIO(HORARIO_ID,DIA_IMPARTICION,NUMERO_SALON,NUMERO_CLASE,HORA_INICIO,HORA_FIN) VALUES
                   (HORARIO_SEQ.NEXTVAL,1,'B101',1,TO_DATE('07:00', 'HH24:MM'),TO_DATE('09:00', 'HH24:MM'));
INSERT INTO HORARIO(HORARIO_ID,DIA_IMPARTICION,NUMERO_SALON,NUMERO_CLASE,HORA_INICIO,HORA_FIN) VALUES
                   (HORARIO_SEQ.NEXTVAL,1,'C101',2,TO_DATE('09:00', 'HH24:MM'),TO_DATE('11:00', 'HH24:MM'));
INSERT INTO HORARIO(HORARIO_ID,DIA_IMPARTICION,NUMERO_SALON,NUMERO_CLASE,HORA_INICIO,HORA_FIN) VALUES
                   (HORARIO_SEQ.NEXTVAL,1,'A101',1,TO_DATE('09:00', 'HH24:MM'),TO_DATE('11:00', 'HH24:MM'));



INSERT INTO GRADO_ESTUDIOS(GRADO_ESTUDIOS_ID,CLAVE,DESCRIPCION) VALUES (1,'LI','LICENCIATURA');
INSERT INTO GRADO_ESTUDIOS(GRADO_ESTUDIOS_ID,CLAVE,DESCRIPCION) VALUES (2,'MA','MAESTRIA');
INSERT INTO GRADO_ESTUDIOS(GRADO_ESTUDIOS_ID,CLAVE,DESCRIPCION) VALUES (3,'DR','DOCTORADO');


INSERT INTO PUESTO(PUESTO_ID,NOMBRE_PUESTO,DESCRIPCION,PAGO_HORA,HORAS_CUBRIR) VALUES (1,'JEFE DIVISION','COORDINACION DE ACTIVIDADES DE DIVISION, COORDINACION DE BOLSAS DE TRABAJO',100,160);
INSERT INTO PUESTO(PUESTO_ID,NOMBRE_PUESTO,DESCRIPCION,PAGO_HORA,HORAS_CUBRIR) VALUES (2,'SECRETARIO GENERAL','COORDINACION DE ACTIVIDADES DE DIVISION, COORDINACION DE BOLSAS DE TRABAJO, AUXILIAR DE JEFE DE DIVISION',90,160);
INSERT INTO PUESTO(PUESTO_ID,NOMBRE_PUESTO,DESCRIPCION,PAGO_HORA,HORAS_CUBRIR) VALUES (3,'DIRECTOR DE SEMINARIO','COORDINACION DE ACTIVIDADES DE DIVISION, COORDINACION DE BOLSAS DE TRABAJO',70,120);


INSERT INTO PROFESOR(PROFESOR_ID,NOMBRE,AP_PATERNO,AP_MATERNO,RFC, --1
  CEDULA_PROFESIONAL,GRADO_ESTUDIOS_ID,ES_PROFESOR_ASIGNATURA,ES_PROFESOR_CARRERA,ES_PROFESOR_ADMINISTRADOR) VALUES
                    (PROFESOR_SEQ.NEXTVAL,'LAURA','SANDOVAL','MONTANO','SAMO704532G45',
  1234567,1,1,0,0);
INSERT INTO PROFESOR(PROFESOR_ID,NOMBRE,AP_PATERNO,AP_MATERNO,RFC, --2
  CEDULA_PROFESIONAL,GRADO_ESTUDIOS_ID,ES_PROFESOR_ASIGNATURA,ES_PROFESOR_CARRERA,ES_PROFESOR_ADMINISTRADOR) VALUES
                    (PROFESOR_SEQ.NEXTVAL,'JORGE','RODRIGUEZ','CAMPOS','ROCA854532K45',
  1234567,1,1,0,0);
INSERT INTO PROFESOR(PROFESOR_ID,NOMBRE,AP_PATERNO,AP_MATERNO,RFC, --3
  CEDULA_PROFESIONAL,GRADO_ESTUDIOS_ID,ES_PROFESOR_ASIGNATURA,ES_PROFESOR_CARRERA,ES_PROFESOR_ADMINISTRADOR) VALUES
                    (PROFESOR_SEQ.NEXTVAL,'GUNNAR','WOLF','IZARE','WOIZ785434L34',
  1234567,3,0,1,0);
INSERT INTO PROFESOR(PROFESOR_ID,NOMBRE,AP_PATERNO,AP_MATERNO,RFC, --4
  CEDULA_PROFESIONAL,GRADO_ESTUDIOS_ID,ES_PROFESOR_ASIGNATURA,ES_PROFESOR_CARRERA,ES_PROFESOR_ADMINISTRADOR) VALUES
                    (PROFESOR_SEQ.NEXTVAL,'JUAN','MARTINEZ','ZEPEDA','MAZE854532Z34',
  1234567,2,0,1,0);
INSERT INTO PROFESOR(PROFESOR_ID,NOMBRE,AP_PATERNO,AP_MATERNO,RFC, --5
  CEDULA_PROFESIONAL,GRADO_ESTUDIOS_ID,ES_PROFESOR_ASIGNATURA,ES_PROFESOR_CARRERA,ES_PROFESOR_ADMINISTRADOR) VALUES
                    (PROFESOR_SEQ.NEXTVAL,'CARLOS','CASTILLO','RAMIREZ','CARA854532Q23',
  1234567,1,0,0,1);
INSERT INTO PROFESOR(PROFESOR_ID,NOMBRE,AP_PATERNO,AP_MATERNO,RFC, --6
  CEDULA_PROFESIONAL,GRADO_ESTUDIOS_ID,ES_PROFESOR_ASIGNATURA,ES_PROFESOR_CARRERA,ES_PROFESOR_ADMINISTRADOR) VALUES
                    (PROFESOR_SEQ.NEXTVAL,'ANA','RODRIGUEZ','NAVARRO','RONA854532P34',
  1234567,1,1,0,1);
INSERT INTO PROFESOR(PROFESOR_ID,NOMBRE,AP_PATERNO,AP_MATERNO,RFC, --7
  CEDULA_PROFESIONAL,GRADO_ESTUDIOS_ID,ES_PROFESOR_ASIGNATURA,ES_PROFESOR_CARRERA,ES_PROFESOR_ADMINISTRADOR) VALUES
                    (PROFESOR_SEQ.NEXTVAL,'JULIETA','VALDERRAMA','CRUZ','VACR704532G45',
  3488599,1,1,0,0);                 
INSERT INTO PROFESOR(PROFESOR_ID,NOMBRE,AP_PATERNO,AP_MATERNO,RFC, --8
  CEDULA_PROFESIONAL,GRADO_ESTUDIOS_ID,ES_PROFESOR_ASIGNATURA,ES_PROFESOR_CARRERA,ES_PROFESOR_ADMINISTRADOR) VALUES
                    (PROFESOR_SEQ.NEXTVAL,'ENEFRIM','MARCIAL','GONZALEZ','MAGO704532G45',
  3045998,1,1,0,0);
INSERT INTO PROFESOR(PROFESOR_ID,NOMBRE,AP_PATERNO,AP_MATERNO,RFC, --9
  CEDULA_PROFESIONAL,GRADO_ESTUDIOS_ID,ES_PROFESOR_ASIGNATURA,ES_PROFESOR_CARRERA,ES_PROFESOR_ADMINISTRADOR) VALUES
                    (PROFESOR_SEQ.NEXTVAL,'GILBERTO','JUAREZ','HENRIQUEZ','JUHE704532G45',
  2349584,1,1,0,0);                   

INSERT CURSO(CURSO_ID         ,ASIGNATURA_ID,SEMESTRE_ID,PROFESOR_ID,NUM_GRUPO,HORARIO_ID) VALUES
            (CURSO_SEQ.NEXTVAL,1            ,1          ,1         ,10        ,1);
INSERT CURSO(CURSO_ID         ,ASIGNATURA_ID,SEMESTRE_ID,PROFESOR_ID,NUM_GRUPO,HORARIO_ID) VALUES
            (CURSO_SEQ.NEXTVAL,2            ,1          ,1          ,11       ,2);
INSERT CURSO(CURSO_ID         ,ASIGNATURA_ID,SEMESTRE_ID,PROFESOR_ID,NUM_GRUPO,HORARIO_ID) VALUES
            (CURSO_SEQ.NEXTVAL,3            ,2          ,3          ,20        ,3);
INSERT CURSO(CURSO_ID         ,ASIGNATURA_ID,SEMESTRE_ID,PROFESOR_ID,NUM_GRUPO,HORARIO_ID) VALUES
            (CURSO_SEQ.NEXTVAL,4            ,2          ,4          ,21         ,4);


INSERT CURSO(CURSO_ID         ,ASIGNATURA_ID,SEMESTRE_ID,PROFESOR_ID,NUM_GRUPO,HORARIO_ID) VALUES
            (CURSO_SEQ.NEXTVAL,5            ,3          ,1         ,100        ,1);
INSERT CURSO(CURSO_ID         ,ASIGNATURA_ID,SEMESTRE_ID,PROFESOR_ID,NUM_GRUPO,HORARIO_ID) VALUES
            (CURSO_SEQ.NEXTVAL,6            ,3          ,1          ,110      ,2);
INSERT CURSO(CURSO_ID         ,ASIGNATURA_ID,SEMESTRE_ID,PROFESOR_ID,NUM_GRUPO,HORARIO_ID) VALUES
            (CURSO_SEQ.NEXTVAL,7            ,4          ,5          ,200         ,3);
INSERT CURSO(CURSO_ID         ,ASIGNATURA_ID,SEMESTRE_ID,PROFESOR_ID,NUM_GRUPO,HORARIO_ID) VALUES
            (CURSO_SEQ.NEXTVAL,8            ,4          ,6          ,210         ,4);


INSERT INTO PROFESOR_ASIGNATURA(PROFESOR_ID,NUM_CONTRATO,FECHA_INICIO_CONTRATO,FECHA_FIN_CONTRATO,NUM_VECES_SINODAL) VALUES
                               (1          ,1234562338  ,TO_DATE('2010-01-01','YYYY-MM-DD'),TO_DATE('2020-01-01','YYYY-MM-DD'),5);
INSERT INTO PROFESOR_ASIGNATURA(PROFESOR_ID,NUM_CONTRATO,FECHA_INICIO_CONTRATO,FECHA_FIN_CONTRATO,NUM_VECES_SINODAL) VALUES
                               (2          ,3456823462  ,TO_DATE('2012-01-01','YYYY-MM-DD'),TO_DATE('2022-01-01','YYYY-MM-DD'),2);
INSERT INTO PROFESOR_ASIGNATURA(PROFESOR_ID,NUM_CONTRATO,FECHA_INICIO_CONTRATO,FECHA_FIN_CONTRATO,NUM_VECES_SINODAL) VALUES
                               (7          ,2347652343  ,TO_DATE('2015-01-01','YYYY-MM-DD'),TO_DATE('2025-01-01','YYYY-MM-DD'),8);
INSERT INTO PROFESOR_ASIGNATURA(PROFESOR_ID,NUM_CONTRATO,FECHA_INICIO_CONTRATO,FECHA_FIN_CONTRATO,NUM_VECES_SINODAL) VALUES
                               (8          ,5665652109  ,TO_DATE('2013-01-01','YYYY-MM-DD'),TO_DATE('2024-01-01','YYYY-MM-DD'),2);
INSERT INTO PROFESOR_ASIGNATURA(PROFESOR_ID,NUM_CONTRATO,FECHA_INICIO_CONTRATO,FECHA_FIN_CONTRATO,NUM_VECES_SINODAL) VALUES
                               (9          ,1240132348  ,TO_DATE('2015-01-01','YYYY-MM-DD'),TO_DATE('2025-01-01','YYYY-MM-DD'),1);




INSERT INTO PROFESOR_CARRERA(PROFESOR_ID) VALUES (3);
INSERT INTO PROFESOR_CARRERA(PROFESOR_ID) VALUES (4);

INSERT INTO PROFESOR_ADMINISTRADOR(PROFESOR_ID,PUESTO_ID) VALUES(5,1);
INSERT INTO PROFESOR_ADMINISTRADOR(PROFESOR_ID,PUESTO_ID) VALUES(6,2);


INSERT INTO ESPECIALIDAD(ESPECIALIDAD_ID,         PROFESOR_CARRERA_ID,GRADO_ESTUDIOS_ID,DESCRIPCION) VALUES
                        (ESPECIALIDAD_SEQ.NEXTVAL ,3                 ,1                 ,'INGENIEIA EN COMPUTACION');
INSERT INTO ESPECIALIDAD(ESPECIALIDAD_ID,         PROFESOR_CARRERA_ID,GRADO_ESTUDIOS_ID,DESCRIPCION) VALUES
                        (ESPECIALIDAD_SEQ.NEXTVAL ,3                 ,2                ,'CIENCIAS DE LA COMPUTACION');
INSERT INTO ESPECIALIDAD(ESPECIALIDAD_ID,         PROFESOR_CARRERA_ID,GRADO_ESTUDIOS_ID,DESCRIPCION) VALUES
                        (ESPECIALIDAD_SEQ.NEXTVAL ,3                 ,3                 ,'CIENCIAS DE LA COMPLEJIDAD');                       
INSERT INTO ESPECIALIDAD(ESPECIALIDAD_ID,         PROFESOR_CARRERA_ID,GRADO_ESTUDIOS_ID,DESCRIPCION) VALUES
                        (ESPECIALIDAD_SEQ.NEXTVAL ,4                 ,1               ,'LIC EN MATEMATICAS');
INSERT INTO ESPECIALIDAD(ESPECIALIDAD_ID,         PROFESOR_CARRERA_ID,GRADO_ESTUDIOS_ID,DESCRIPCION) VALUES
                        (ESPECIALIDAD_SEQ.NEXTVAL ,4                 ,2                 ,'GEOMETRIA NO ECLIDIANA');                       



INSERT INTO TESIS(TESIS_ID         ,NOMBRE                      ,FECHA_REGISTRO,                    OBJETIVO,                                          PDF,STATUS_TESIS_ID,DIRECTOR_TESIS_ID) VALUES
                (TESIS_SEQ.NEXTVAL,"BIG DATA Y TEORIA DEL CAOS" ,TO_DATE('2016-05-03','YYYY-MM-DD'),"APLICACIONES PRÁCTICAS SOBRE EL ESTIDIO DEL CAOS",NULL,5,            3);
INSERT INTO TESIS(TESIS_ID         ,NOMBRE                      ,FECHA_REGISTRO,                    OBJETIVO,      PDF,STATUS_TESIS_ID,DIRECTOR_TESIS_ID) VALUES
                (TESIS_SEQ.NEXTVAL,"TECNICAS DE CIMENTACION" ,TO_DATE('2018-11-25','YYYY-MM-DD'),"NO SOY CIVIL"   ,NULL,1,            NULL);


INSERT INTO TESIS_HISTORICO(TESIS_HISTORICO_ID  ,STATUS_TESIS_ID,TESIS_ID,FECHA_MODIFICAICON) VALUES
                          (TESIS_HIS_SEQ.NEXTVAL,1              ,1        ,TO_DATE('2016-05-03','YYYY-MM-DD'));

INSERT INTO TESIS_HISTORICO(TESIS_HISTORICO_ID  ,STATUS_TESIS_ID,TESIS_ID,FECHA_MODIFICAICON) VALUES
                          (TESIS_HIS_SEQ.NEXTVAL,2              ,1        ,TO_DATE('2016-06-01','YYYY-MM-DD'));

INSERT INTO TESIS_HISTORICO(TESIS_HISTORICO_ID  ,STATUS_TESIS_ID,TESIS_ID,FECHA_MODIFICAICON) VALUES
                          (TESIS_HIS_SEQ.NEXTVAL,3              ,1        ,TO_DATE('2016-11-03','YYYY-MM-DD'));
INSERT INTO TESIS_HISTORICO(TESIS_HISTORICO_ID  ,STATUS_TESIS_ID,TESIS_ID,FECHA_MODIFICAICON) VALUES
                          (TESIS_HIS_SEQ.NEXTVAL,5              ,1        ,TO_DATE('2017-02-20','YYYY-MM-DD'));
INSERT INTO TESIS_HISTORICO(TESIS_HISTORICO_ID  ,STATUS_TESIS_ID,TESIS_ID,FECHA_MODIFICAICON) VALUES
                          (TESIS_HIS_SEQ.NEXTVAL,1              ,2       ,TO_DATE('2018-11-25','YYYY-MM-DD'));



INSERT INTO ESTUDIANTE (ID, NOMBRE, AP_PATERNO, AP_MATERNO, FOTOGRAFIA, FECHA_NACIMIENTO, NUMERO_CUENTA, CEDULA_PROFESIONAL, TESIS_ID, CARRERA_ID, PLAN_ESTUDIOS_ID) VALUES (1, 'KATHRINE', 'WHITSEY', 'MEADDOWCROFT', NULL, TO_DATE('1989-01-25','YYYY-MM-DD'), '6001564701',4567563,1,1, 1);
INSERT INTO ESTUDIANTE (ID, NOMBRE, AP_PATERNO, AP_MATERNO, FOTOGRAFIA, FECHA_NACIMIENTO, NUMERO_CUENTA, CEDULA_PROFESIONAL, TESIS_ID, CARRERA_ID, PLAN_ESTUDIOS_ID) VALUES (2, 'TROY', 'MACKESSOCK', 'HARMER', NULL, TO_DATE('1991-01-28','YYYY-MM-DD'), '4675131395', NULL,NULL,2, 2);
INSERT INTO ESTUDIANTE (ID, NOMBRE, AP_PATERNO, AP_MATERNO, FOTOGRAFIA, FECHA_NACIMIENTO, NUMERO_CUENTA, CEDULA_PROFESIONAL, TESIS_ID, CARRERA_ID, PLAN_ESTUDIOS_ID) VALUES (3, 'WILHELM', 'BEMBRIDGE', 'KEMSTON', NULL, TO_DATE('1992-07-24','YYYY-MM-DD'), '4152939486', 2345645,1,3, 1);
INSERT INTO ESTUDIANTE (ID, NOMBRE, AP_PATERNO, AP_MATERNO, FOTOGRAFIA, FECHA_NACIMIENTO, NUMERO_CUENTA, CEDULA_PROFESIONAL, TESIS_ID, CARRERA_ID, PLAN_ESTUDIOS_ID) VALUES (4, 'FARLEE', 'WIELD', 'MENICHILLO', NULL, TO_DATE('1995-04-21','YYYY-MM-DD'), '8532539025', NULL,NULL,4, 2);
INSERT INTO ESTUDIANTE (ID, NOMBRE, AP_PATERNO, AP_MATERNO, FOTOGRAFIA, FECHA_NACIMIENTO, NUMERO_CUENTA, CEDULA_PROFESIONAL, TESIS_ID, CARRERA_ID, PLAN_ESTUDIOS_ID) VALUES (5, 'MYRTICE', 'CULLUM', 'TROTMAN', NULL, TO_DATE('1989-06-06','YYYY-MM-DD'), '6703916365', NULL,NULL,5, 1);
INSERT INTO ESTUDIANTE (ID, NOMBRE, AP_PATERNO, AP_MATERNO, FOTOGRAFIA, FECHA_NACIMIENTO, NUMERO_CUENTA, CEDULA_PROFESIONAL, TESIS_ID, CARRERA_ID, PLAN_ESTUDIOS_ID) VALUES (6, 'KEVINA', 'GILDING', 'LIDDINGTON', NULL, TO_DATE('1996-09-10','YYYY-MM-DD'), '6712263468', NULL,NULL,1, 2);
INSERT INTO ESTUDIANTE (ID, NOMBRE, AP_PATERNO, AP_MATERNO, FOTOGRAFIA, FECHA_NACIMIENTO, NUMERO_CUENTA, CEDULA_PROFESIONAL, TESIS_ID, CARRERA_ID, PLAN_ESTUDIOS_ID) VALUES (7, 'FAUNIE', 'ALYWIN', 'GILBY', NULL, TO_DATE('1992-01-24','YYYY-MM-DD'), '8967157967', 2346523,1,2, 1);
INSERT INTO ESTUDIANTE (ID, NOMBRE, AP_PATERNO, AP_MATERNO, FOTOGRAFIA, FECHA_NACIMIENTO, NUMERO_CUENTA, CEDULA_PROFESIONAL, TESIS_ID, CARRERA_ID, PLAN_ESTUDIOS_ID) VALUES (8, 'KORA', 'CERSEY', 'WHAPPLE', NULL, TO_DATE('1981-11-01','YYYY-MM-DD'), '9554339917', NULL,NULL,3, 2);
INSERT INTO ESTUDIANTE (ID, NOMBRE, AP_PATERNO, AP_MATERNO, FOTOGRAFIA, FECHA_NACIMIENTO, NUMERO_CUENTA, CEDULA_PROFESIONAL, TESIS_ID, CARRERA_ID, PLAN_ESTUDIOS_ID) VALUES (9, 'CALEB', 'BENEDICTO', 'SWINBURNE', NULL, TO_DATE('1987-02-16','YYYY-MM-DD'), '5878896494', NULL,NULL,4, 1);
INSERT INTO ESTUDIANTE (ID, NOMBRE, AP_PATERNO, AP_MATERNO, FOTOGRAFIA, FECHA_NACIMIENTO, NUMERO_CUENTA, CEDULA_PROFESIONAL, TESIS_ID, CARRERA_ID, PLAN_ESTUDIOS_ID) VALUES (10, 'RUDD', 'DAVISON', 'WHITEFORD', NULL, TO_DATE('1993-02-02','YYYY-MM-DD'), '5461346359', NULL,NULL, 5, 2);
INSERT INTO ESTUDIANTE (ID, NOMBRE, AP_PATERNO, AP_MATERNO, FOTOGRAFIA, FECHA_NACIMIENTO, NUMERO_CUENTA, CEDULA_PROFESIONAL, TESIS_ID, CARRERA_ID, PLAN_ESTUDIOS_ID) VALUES (11, 'MARTINA', 'WHOLESWORTH', 'EDES', NULL, TO_DATE('1993-10-08','YYYY-MM-DD'), '1342688341', NULL,NULL, 1, 1);
INSERT INTO ESTUDIANTE (ID, NOMBRE, AP_PATERNO, AP_MATERNO, FOTOGRAFIA, FECHA_NACIMIENTO, NUMERO_CUENTA, CEDULA_PROFESIONAL, TESIS_ID, CARRERA_ID, PLAN_ESTUDIOS_ID) VALUES (12, 'MATTIAS', 'KEDSLIE', 'VAN DER KRUIS', NULL, TO_DATE('1993-04-21','YYYY-MM-DD'), '5498597509', NULL,NULL, 2, 2);
INSERT INTO ESTUDIANTE (ID, NOMBRE, AP_PATERNO, AP_MATERNO, FOTOGRAFIA, FECHA_NACIMIENTO, NUMERO_CUENTA, CEDULA_PROFESIONAL, TESIS_ID, CARRERA_ID, PLAN_ESTUDIOS_ID) VALUES (13, 'CHANTAL', 'SMEATON', 'MINOR', NULL, TO_DATE('1986-12-12','YYYY-MM-DD'), '5475893861', NULL,NULL, 3, 1);
INSERT INTO ESTUDIANTE (ID, NOMBRE, AP_PATERNO, AP_MATERNO, FOTOGRAFIA, FECHA_NACIMIENTO, NUMERO_CUENTA, CEDULA_PROFESIONAL, TESIS_ID, CARRERA_ID, PLAN_ESTUDIOS_ID) VALUES (14, 'LILAH', 'RADLEY', 'HURWORTH', NULL, TO_DATE('1983-10-25','YYYY-MM-DD'), '9748760006', NULL,NULL, 4, 2);
INSERT INTO ESTUDIANTE (ID, NOMBRE, AP_PATERNO, AP_MATERNO, FOTOGRAFIA, FECHA_NACIMIENTO, NUMERO_CUENTA, CEDULA_PROFESIONAL, TESIS_ID, CARRERA_ID, PLAN_ESTUDIOS_ID) VALUES (15, 'IVER', 'SIMACEK', 'ORTELL', NULL, TO_DATE('1996-05-30','YYYY-MM-DD'), '9248319971', NULL,2, 5, 1);
INSERT INTO ESTUDIANTE (ID, NOMBRE, AP_PATERNO, AP_MATERNO, FOTOGRAFIA, FECHA_NACIMIENTO, NUMERO_CUENTA, CEDULA_PROFESIONAL, TESIS_ID, CARRERA_ID, PLAN_ESTUDIOS_ID) VALUES (16, 'ZONDRA', 'MASSOT', 'DUNDIN', NULL, TO_DATE('1989-03-31','YYYY-MM-DD'), '9860496803', NULL,NULL, 1, 2);
INSERT INTO ESTUDIANTE (ID, NOMBRE, AP_PATERNO, AP_MATERNO, FOTOGRAFIA, FECHA_NACIMIENTO, NUMERO_CUENTA, CEDULA_PROFESIONAL, TESIS_ID, CARRERA_ID, PLAN_ESTUDIOS_ID) VALUES (17, 'GILLIGAN', 'SWINBURNE', 'LEIDEN', NULL, TO_DATE('1989-09-24','YYYY-MM-DD'), '7630516215', NULL,NULL, 2, 1);
INSERT INTO ESTUDIANTE (ID, NOMBRE, AP_PATERNO, AP_MATERNO, FOTOGRAFIA, FECHA_NACIMIENTO, NUMERO_CUENTA, CEDULA_PROFESIONAL, TESIS_ID, CARRERA_ID, PLAN_ESTUDIOS_ID) VALUES (18, 'MELITA', 'MCCRAY', 'LANGRICK', NULL, TO_DATE('1982-05-02','YYYY-MM-DD'), '5855792404', NULL,NULL, 3, 2);
INSERT INTO ESTUDIANTE (ID, NOMBRE, AP_PATERNO, AP_MATERNO, FOTOGRAFIA, FECHA_NACIMIENTO, NUMERO_CUENTA, CEDULA_PROFESIONAL, TESIS_ID, CARRERA_ID, PLAN_ESTUDIOS_ID) VALUES (19, 'ALYSON', 'NEWNHAM', 'MARCHELLI', NULL, TO_DATE('1988-08-16','YYYY-MM-DD'), '4899625413', NULL,NULL,4, 1);
INSERT INTO ESTUDIANTE (ID, NOMBRE, AP_PATERNO, AP_MATERNO, FOTOGRAFIA, FECHA_NACIMIENTO, NUMERO_CUENTA, CEDULA_PROFESIONAL, TESIS_ID, CARRERA_ID, PLAN_ESTUDIOS_ID) VALUES (20, 'MOISES', 'BRYANT', 'BRISSEAU', NULL, TO_DATE('1991-06-17','YYYY-MM-DD'), '9013376029', NULL,NULL, 5, 2);
INSERT INTO ESTUDIANTE (ID, NOMBRE, AP_PATERNO, AP_MATERNO, FOTOGRAFIA, FECHA_NACIMIENTO, NUMERO_CUENTA, CEDULA_PROFESIONAL, TESIS_ID, CARRERA_ID, PLAN_ESTUDIOS_ID) VALUES (21, 'NEYSA', 'GIACAPONI', 'CROXFORD', NULL, TO_DATE('1994-08-17','YYYY-MM-DD'), '5233889633', NULL,NULL, 1, 1);
INSERT INTO ESTUDIANTE (ID, NOMBRE, AP_PATERNO, AP_MATERNO, FOTOGRAFIA, FECHA_NACIMIENTO, NUMERO_CUENTA, CEDULA_PROFESIONAL, TESIS_ID, CARRERA_ID, PLAN_ESTUDIOS_ID) VALUES (22, 'FERN', 'PRISCOTT', 'SKATES', NULL, TO_DATE('1988-08-28','YYYY-MM-DD'), '6975685916', NULL,NULL, 2, 2);
INSERT INTO ESTUDIANTE (ID, NOMBRE, AP_PATERNO, AP_MATERNO, FOTOGRAFIA, FECHA_NACIMIENTO, NUMERO_CUENTA, CEDULA_PROFESIONAL, TESIS_ID, CARRERA_ID, PLAN_ESTUDIOS_ID) VALUES (23, 'CULLIN', 'BLEASBY', 'ORTO', NULL, TO_DATE('1985-04-21','YYYY-MM-DD'), '5124667931', NULL,NULL, 3, 1);
INSERT INTO ESTUDIANTE (ID, NOMBRE, AP_PATERNO, AP_MATERNO, FOTOGRAFIA, FECHA_NACIMIENTO, NUMERO_CUENTA, CEDULA_PROFESIONAL, TESIS_ID, CARRERA_ID, PLAN_ESTUDIOS_ID) VALUES (24, 'LEISHA', 'NORMAVELL', 'TIRON', NULL, TO_DATE('1982-06-22','YYYY-MM-DD'), '1259592197', NULL,NULL, 4, 2);
INSERT INTO ESTUDIANTE (ID, NOMBRE, AP_PATERNO, AP_MATERNO, FOTOGRAFIA, FECHA_NACIMIENTO, NUMERO_CUENTA, CEDULA_PROFESIONAL, TESIS_ID, CARRERA_ID, PLAN_ESTUDIOS_ID) VALUES (25, 'ELYSSA', 'SPRUCE', 'KEMMISH', NULL, TO_DATE('1981-08-20','YYYY-MM-DD'), '3203630087', NULL,2, 5, 1);
INSERT INTO ESTUDIANTE (ID, NOMBRE, AP_PATERNO, AP_MATERNO, FOTOGRAFIA, FECHA_NACIMIENTO, NUMERO_CUENTA, CEDULA_PROFESIONAL, TESIS_ID, CARRERA_ID, PLAN_ESTUDIOS_ID) VALUES (26, 'CASSI', 'GAMETT', 'BURNUP', NULL, TO_DATE('1985-02-05','YYYY-MM-DD'), '5024872983', NULL,NULL, 1, 2);
INSERT INTO ESTUDIANTE (ID, NOMBRE, AP_PATERNO, AP_MATERNO, FOTOGRAFIA, FECHA_NACIMIENTO, NUMERO_CUENTA, CEDULA_PROFESIONAL, TESIS_ID, CARRERA_ID, PLAN_ESTUDIOS_ID) VALUES (27, 'ULRIC', 'LEINTHALL', 'DE BLASI', NULL, TO_DATE('1985-02-13','YYYY-MM-DD'), '4498432282', NULL,NULL, 2, 1);
INSERT INTO ESTUDIANTE (ID, NOMBRE, AP_PATERNO, AP_MATERNO, FOTOGRAFIA, FECHA_NACIMIENTO, NUMERO_CUENTA, CEDULA_PROFESIONAL, TESIS_ID, CARRERA_ID, PLAN_ESTUDIOS_ID) VALUES (28, 'WILBUR', 'LEGION', 'SALLIER', NULL, TO_DATE('1986-08-27','YYYY-MM-DD'), '8976752066', NULL,NULL, 3, 2);
INSERT INTO ESTUDIANTE (ID, NOMBRE, AP_PATERNO, AP_MATERNO, FOTOGRAFIA, FECHA_NACIMIENTO, NUMERO_CUENTA, CEDULA_PROFESIONAL, TESIS_ID, CARRERA_ID, PLAN_ESTUDIOS_ID) VALUES (29, 'SARINA', 'ROTHERFORTH', 'SANSON', NULL, TO_DATE('1996-08-29','YYYY-MM-DD'), '7127239924', NULL,NULL, 4, 1);
INSERT INTO ESTUDIANTE (ID, NOMBRE, AP_PATERNO, AP_MATERNO, FOTOGRAFIA, FECHA_NACIMIENTO, NUMERO_CUENTA, CEDULA_PROFESIONAL, TESIS_ID, CARRERA_ID, PLAN_ESTUDIOS_ID) VALUES (30, 'TERRY', 'BOTTELL', 'VINEY', NULL, TO_DATE('1988-10-01','YYYY-MM-DD'), '5233902990', NULL,2, 5, 1);



ESTUDIANTE_INSCRITO(ESTUDIANTE_INSCRITO_ID,CURSO_ID,ESTUDIANTE_ID,CALIFICACION,NUM_INSCRIPCION)

PLAN_ESTUDIOS_CARRERA(PLAN_ESTUDIOS_CARRERA_ID,CARRERA_ID,PLAN_ESTUDIOS_ID)

CARRERA_ASIGNATURA(CARRERA_ASIGNATURA_ID,CARRERA_ID,ASIGNATURA_ID)

CURSO_HORARIO(CURSO_HORARIO_ID,CURSO_ID,HORARIO_ID)

CURSO_SEMESTRE(CURSO_SEMESTRE_ID,CURSO_ID,SEMESTRE_ID)

TESIS_SINODAL(TESIS_SINODAL_ID,TESIS_ID,SINODAL_ID)









