--@Autor(es):       Gutiérrez Castillo Oscar, Valderrama Navarro Armando
--@Fecha creación:  01/12/2018
--@Descripción:     Cargas iniciales de archivos

--CARGA DE PLANES DE ESTUDIOS (CATALOGO DE BASE)
  INSERT INTO PLAN_ESTUDIOS (PLAN_ESTUDIOS_ID,CLAVE,FECHA_APROBACION,FECHA_TERMINO) VALUES (1,'PL-1997',TO_DATE('1997','YYYY'),TO_DATE('2004','YYYY'));
  INSERT INTO PLAN_ESTUDIOS (PLAN_ESTUDIOS_ID,CLAVE,FECHA_APROBACION,FECHA_TERMINO) VALUES (2,'PL-2004',TO_DATE('2004','YYYY'),TO_DATE('2010','YYYY'));
  INSERT INTO PLAN_ESTUDIOS (PLAN_ESTUDIOS_ID,CLAVE,FECHA_APROBACION,FECHA_TERMINO) VALUES (3,'PL-2010',TO_DATE('2010','YYYY'),TO_DATE('2016','YYYY'));
  INSERT INTO PLAN_ESTUDIOS (PLAN_ESTUDIOS_ID,CLAVE,FECHA_APROBACION,FECHA_TERMINO) VALUES (4,'PL-2016',TO_DATE('2016','YYYY'),NULL);

--CARGA DE DIAS DE LA SEMANA (CATALOGO DE BASE)
  INSERT INTO DIA_SEMANA (DIA_SEMANA_ID,DESCRIPCION) VALUES (1,'LUNES');
  INSERT INTO DIA_SEMANA (DIA_SEMANA_ID,DESCRIPCION) VALUES (2,'MARTES');
  INSERT INTO DIA_SEMANA (DIA_SEMANA_ID,DESCRIPCION) VALUES (3,'MIERCOLES');
  INSERT INTO DIA_SEMANA (DIA_SEMANA_ID,DESCRIPCION) VALUES (4,'JUEVES');
  INSERT INTO DIA_SEMANA (DIA_SEMANA_ID,DESCRIPCION) VALUES (5,'VIERNES');
  INSERT INTO DIA_SEMANA (DIA_SEMANA_ID,DESCRIPCION) VALUES (6,'SABADO');

--CARGA DE LOS HORARIOS (CATALOGO, BASADO EN DIA_SEMANA)
  INSERT INTO HORARIO (HORARIO_ID,NUMERO_SALON,NUMERO_CLASE,HORA_INICIO,HORA_FIN,DIA_IMPARTICION) VALUES (1 ,'A101',1,TO_DATE('07:00', 'HH24:MI'),TO_DATE('09:00', 'HH24:MI'),1);
  INSERT INTO HORARIO (HORARIO_ID,NUMERO_SALON,NUMERO_CLASE,HORA_INICIO,HORA_FIN,DIA_IMPARTICION) VALUES (2 ,'A101',2,TO_DATE('07:00', 'HH24:MI'),TO_DATE('09:00', 'HH24:MI'),2);
  INSERT INTO HORARIO (HORARIO_ID,NUMERO_SALON,NUMERO_CLASE,HORA_INICIO,HORA_FIN,DIA_IMPARTICION) VALUES (3 ,'A202',1,TO_DATE('09:00', 'HH24:MI'),TO_DATE('11:00', 'HH24:MI'),4);
  INSERT INTO HORARIO (HORARIO_ID,NUMERO_SALON,NUMERO_CLASE,HORA_INICIO,HORA_FIN,DIA_IMPARTICION) VALUES (4 ,'A202',2,TO_DATE('09:00', 'HH24:MI'),TO_DATE('11:00', 'HH24:MI'),6);
  INSERT INTO HORARIO (HORARIO_ID,NUMERO_SALON,NUMERO_CLASE,HORA_INICIO,HORA_FIN,DIA_IMPARTICION) VALUES (5 ,'B101',1,TO_DATE('11:00', 'HH24:MI'),TO_DATE('13:00', 'HH24:MI'),6);
  INSERT INTO HORARIO (HORARIO_ID,NUMERO_SALON,NUMERO_CLASE,HORA_INICIO,HORA_FIN,DIA_IMPARTICION) VALUES (6 ,'B101',2,TO_DATE('11:00', 'HH24:MI'),TO_DATE('13:00', 'HH24:MI'),3);
  INSERT INTO HORARIO (HORARIO_ID,NUMERO_SALON,NUMERO_CLASE,HORA_INICIO,HORA_FIN,DIA_IMPARTICION) VALUES (7 ,'B202',1,TO_DATE('07:00', 'HH24:MI'),TO_DATE('09:00', 'HH24:MI'),4);
  INSERT INTO HORARIO (HORARIO_ID,NUMERO_SALON,NUMERO_CLASE,HORA_INICIO,HORA_FIN,DIA_IMPARTICION) VALUES (8 ,'B202',2,TO_DATE('13:00', 'HH24:MI'),TO_DATE('15:00', 'HH24:MI'),1);
  INSERT INTO HORARIO (HORARIO_ID,NUMERO_SALON,NUMERO_CLASE,HORA_INICIO,HORA_FIN,DIA_IMPARTICION) VALUES (9 ,'D101',1,TO_DATE('13:00', 'HH24:MI'),TO_DATE('15:00', 'HH24:MI'),5);
  INSERT INTO HORARIO (HORARIO_ID,NUMERO_SALON,NUMERO_CLASE,HORA_INICIO,HORA_FIN,DIA_IMPARTICION) VALUES (10,'D101',2,TO_DATE('07:00', 'HH24:MI'),TO_DATE('09:00', 'HH24:MI'),2);
  INSERT INTO HORARIO (HORARIO_ID,NUMERO_SALON,NUMERO_CLASE,HORA_INICIO,HORA_FIN,DIA_IMPARTICION) VALUES (11,'D202',1,TO_DATE('11:00', 'HH24:MI'),TO_DATE('13:00', 'HH24:MI'),1);
  INSERT INTO HORARIO (HORARIO_ID,NUMERO_SALON,NUMERO_CLASE,HORA_INICIO,HORA_FIN,DIA_IMPARTICION) VALUES (12,'D202',2,TO_DATE('07:00', 'HH24:MI'),TO_DATE('09:00', 'HH24:MI'),3);
  INSERT INTO HORARIO (HORARIO_ID,NUMERO_SALON,NUMERO_CLASE,HORA_INICIO,HORA_FIN,DIA_IMPARTICION) VALUES (13,'E101',1,TO_DATE('07:00', 'HH24:MI'),TO_DATE('09:00', 'HH24:MI'),2);
  INSERT INTO HORARIO (HORARIO_ID,NUMERO_SALON,NUMERO_CLASE,HORA_INICIO,HORA_FIN,DIA_IMPARTICION) VALUES (14,'E101',2,TO_DATE('11:00', 'HH24:MI'),TO_DATE('13:00', 'HH24:MI'),1);
  INSERT INTO HORARIO (HORARIO_ID,NUMERO_SALON,NUMERO_CLASE,HORA_INICIO,HORA_FIN,DIA_IMPARTICION) VALUES (15,'E202',1,TO_DATE('11:00', 'HH24:MI'),TO_DATE('13:00', 'HH24:MI'),4);
  INSERT INTO HORARIO (HORARIO_ID,NUMERO_SALON,NUMERO_CLASE,HORA_INICIO,HORA_FIN,DIA_IMPARTICION) VALUES (16,'E202',2,TO_DATE('13:00', 'HH24:MI'),TO_DATE('15:00', 'HH24:MI'),3);

--CARGA DE GRADOS DE ESTUDIOS (CATALOGO DE BASE)
  INSERT INTO GRADO_ESTUDIOS (GRADO_ESTUDIOS_ID,CLAVE,DESCRIPCION) VALUES (1,'LI','LICENCIATURA');
  INSERT INTO GRADO_ESTUDIOS (GRADO_ESTUDIOS_ID,CLAVE,DESCRIPCION) VALUES (2,'MA','MAESTRIA');
  INSERT INTO GRADO_ESTUDIOS (GRADO_ESTUDIOS_ID,CLAVE,DESCRIPCION) VALUES (3,'DR','DOCTORADO');

--CARGAS DE STATUS DE TESIS (CATALOGO DE BASE)
  INSERT INTO STATUS_TESIS(STATUS_TESIS_ID,CLAVE,DESCRIPCION) VALUES (1,'REGISTRADA','TESIS REGISTRADA');
  INSERT INTO STATUS_TESIS(STATUS_TESIS_ID,CLAVE,DESCRIPCION) VALUES (2,'VALIDADA','TESIS VALIDADA, SE SIGNAN SINODALES Y DIRECTOR');
  INSERT INTO STATUS_TESIS(STATUS_TESIS_ID,CLAVE,DESCRIPCION) VALUES (3,'CONCLUIDA','TESIS ENTREGADA, EN ESPERA DE RESPUESTA');
  INSERT INTO STATUS_TESIS(STATUS_TESIS_ID,CLAVE,DESCRIPCION) VALUES (4,'CANCELADA','TESIS NO APRBADA');
  INSERT INTO STATUS_TESIS(STATUS_TESIS_ID,CLAVE,DESCRIPCION) VALUES (5,'CON_CEDULA','TESIS APROBADA, SE ASIANAN CEDULAS PROFESIONALES');

--CARGAS DE SEMESTRE (CATALOGO DE BASE)
  INSERT INTO SEMESTRE (SEMESTRE_ID,ANIO,PERIODO) VALUES (1 ,2009,1);
  INSERT INTO SEMESTRE (SEMESTRE_ID,ANIO,PERIODO) VALUES (2 ,2009,2);
  INSERT INTO SEMESTRE (SEMESTRE_ID,ANIO,PERIODO) VALUES (3 ,2010,1);
  INSERT INTO SEMESTRE (SEMESTRE_ID,ANIO,PERIODO) VALUES (4 ,2010,2);
  INSERT INTO SEMESTRE (SEMESTRE_ID,ANIO,PERIODO) VALUES (5 ,2011,1);
  INSERT INTO SEMESTRE (SEMESTRE_ID,ANIO,PERIODO) VALUES (6 ,2011,2);
  INSERT INTO SEMESTRE (SEMESTRE_ID,ANIO,PERIODO) VALUES (7 ,2016,1);
  INSERT INTO SEMESTRE (SEMESTRE_ID,ANIO,PERIODO) VALUES (8 ,2016,2);
  INSERT INTO SEMESTRE (SEMESTRE_ID,ANIO,PERIODO) VALUES (9 ,2017,1);
  INSERT INTO SEMESTRE (SEMESTRE_ID,ANIO,PERIODO) VALUES (10,2017,2);
  INSERT INTO SEMESTRE (SEMESTRE_ID,ANIO,PERIODO) VALUES (11,2018,1);
  INSERT INTO SEMESTRE (SEMESTRE_ID,ANIO,PERIODO) VALUES (12,2018,2);
  INSERT INTO SEMESTRE (SEMESTRE_ID,ANIO,PERIODO) VALUES (13,2019,1);

--CARGAS DE PUESTO (CATALOGO DE BASE)
  INSERT INTO PUESTO (PUESTO_ID,NOMBRE_PUESTO,DESCRIPCION,PAGO_HORA,HORAS_CUBRIR) VALUES (1,'JEFE DIVISION'       ,'COORDINACION DE ACTIVIDADES DE DIVISION, COORDINACION DE BOLSAS DE TRABAJO',100,40);
  INSERT INTO PUESTO (PUESTO_ID,NOMBRE_PUESTO,DESCRIPCION,PAGO_HORA,HORAS_CUBRIR) VALUES (2,'SECRETARIO GENERAL'    ,'COORDINACION DE ACTIVIDADES DE DIVISION, COORDINACION DE BOLSAS DE TRABAJO, AUXILIAR DE JEFE DE DIVISION',90,40);
  INSERT INTO PUESTO (PUESTO_ID,NOMBRE_PUESTO,DESCRIPCION,PAGO_HORA,HORAS_CUBRIR) VALUES (3,'DIRECTOR DE SEMINARIO' ,'COORDINACION DE ACTIVIDADES DE DIVISION, COORDINACION DE BOLSAS DE TRABAJO',70,30);

--CARGAS DE PROFESOR
  INSERT INTO PROFESOR (PROFESOR_ID   ,NOMBRE         ,AP_PATERNO     ,AP_MATERNO     ,RFC                ,CEDULA_PROFESIONAL ,TIPO_PROFESOR      ,GRADO_ESTUDIOS_ID) VALUES 
                       (1          ,  'LAURA'         ,'MARTINEZ'     ,'PEREZ'        ,'MAPE704532G45'    ,1234567            ,'D'                ,2);
  INSERT INTO PROFESOR (PROFESOR_ID   ,NOMBRE         ,AP_PATERNO     ,AP_MATERNO     ,RFC                ,CEDULA_PROFESIONAL ,TIPO_PROFESOR      ,GRADO_ESTUDIOS_ID) VALUES 
                       (2          ,  'JUAN'          ,'GUTIERREZ'    ,'CRUZ'         ,'GUCR704532G45'    ,4567654            ,'D'                ,1);
  INSERT INTO PROFESOR (PROFESOR_ID   ,NOMBRE         ,AP_PATERNO     ,AP_MATERNO     ,RFC                ,CEDULA_PROFESIONAL ,TIPO_PROFESOR      ,GRADO_ESTUDIOS_ID) VALUES 
                       (3          ,  'ERNESTO'       ,'TIERRA'       ,'ARZAMENDI'    ,'TIAR704532G45'    ,9137839            ,'C'                ,3);
  INSERT INTO PROFESOR (PROFESOR_ID   ,NOMBRE         ,AP_PATERNO     ,AP_MATERNO     ,RFC                ,CEDULA_PROFESIONAL ,TIPO_PROFESOR      ,GRADO_ESTUDIOS_ID) VALUES 
                       (4          ,  'JUAN'          ,'SANDOVAL'     ,'MONTANO'      ,'SAMO704532G45'    ,2093847            ,'C'                ,2);
  INSERT INTO PROFESOR (PROFESOR_ID   ,NOMBRE         ,AP_PATERNO     ,AP_MATERNO     ,RFC                ,CEDULA_PROFESIONAL ,TIPO_PROFESOR      ,GRADO_ESTUDIOS_ID) VALUES 
                       (5          ,  'ANA'           ,'SANDOVAL'     ,'CASTILLO'     ,'SACO704532G45'    ,1938784            ,'A'                ,1);
  INSERT INTO PROFESOR (PROFESOR_ID   ,NOMBRE         ,AP_PATERNO     ,AP_MATERNO     ,RFC                ,CEDULA_PROFESIONAL ,TIPO_PROFESOR      ,GRADO_ESTUDIOS_ID) VALUES 
                       (6          ,  'MARIA'         ,'RODRIGUEZ'    ,'JUAREZ'       ,'ROJU704532G45'    ,0247487            ,'A'                ,2);
  INSERT INTO PROFESOR (PROFESOR_ID   ,NOMBRE         ,AP_PATERNO     ,AP_MATERNO     ,RFC                ,CEDULA_PROFESIONAL ,TIPO_PROFESOR      ,GRADO_ESTUDIOS_ID) VALUES 
                       (7          ,  'JULIETA'       ,'SANDOVAL'     ,'MONTANO'      ,'SAMO724532G45'    ,3469830            ,'A'                ,2);
  INSERT INTO PROFESOR (PROFESOR_ID   ,NOMBRE         ,AP_PATERNO     ,AP_MATERNO     ,RFC                ,CEDULA_PROFESIONAL ,TIPO_PROFESOR      ,GRADO_ESTUDIOS_ID) VALUES 
                       (8          ,  'ROBERTO'       ,'ARANBUL'      ,'MARCIAL'      ,'ARMA704532G45'    ,8038941            ,'A'                ,1);
  INSERT INTO PROFESOR (PROFESOR_ID   ,NOMBRE         ,AP_PATERNO     ,AP_MATERNO     ,RFC                ,CEDULA_PROFESIONAL ,TIPO_PROFESOR      ,GRADO_ESTUDIOS_ID) VALUES 
                       (9          ,  'HECTOR'        ,'HERNANDEZ'    ,'RAMIREZ'      ,'HERA704532G45'    ,2384973            ,'A'                ,3);

--CARGAS DE PROFESR ADMINISTRADOR
  INSERT INTO PROFESOR_ADMINISTRADOR (PROFESOR_ID,PUESTO_ID) VALUES (1,1);
  INSERT INTO PROFESOR_ADMINISTRADOR (PROFESOR_ID,PUESTO_ID) VALUES (2,2);
 
--CARGAS DE PROFESOR CARRERA
  INSERT INTO PROFESOR_CARRERA (PROFESOR_ID) VALUES (3);
  INSERT INTO PROFESOR_CARRERA (PROFESOR_ID) VALUES (4);

--CARGAS DE PROFESOR ASIGNATURA
  INSERT INTO PROFESOR_ASIGNATURA (PROFESOR_ID,NUM_CONTRATO,FECHA_INICIO_CONTRATO              ,FECHA_FIN_CONTRATO                 ,NUM_VECES_SINODAL) VALUES
                                  (5          ,1234562338  ,TO_DATE('2010-01-01','YYYY-MM-DD') ,TO_DATE('2020-01-01','YYYY-MM-DD') ,5);
  INSERT INTO PROFESOR_ASIGNATURA (PROFESOR_ID,NUM_CONTRATO,FECHA_INICIO_CONTRATO              ,FECHA_FIN_CONTRATO                 ,NUM_VECES_SINODAL) VALUES
                                  (6          ,3456823462  ,TO_DATE('2012-01-01','YYYY-MM-DD') ,TO_DATE('2022-01-01','YYYY-MM-DD') ,2);
  INSERT INTO PROFESOR_ASIGNATURA (PROFESOR_ID,NUM_CONTRATO,FECHA_INICIO_CONTRATO              ,FECHA_FIN_CONTRATO                 ,NUM_VECES_SINODAL) VALUES
                                  (7          ,2347652343  ,TO_DATE('2015-01-01','YYYY-MM-DD') ,TO_DATE('2025-01-01','YYYY-MM-DD') ,8);
  INSERT INTO PROFESOR_ASIGNATURA (PROFESOR_ID,NUM_CONTRATO,FECHA_INICIO_CONTRATO              ,FECHA_FIN_CONTRATO                 ,NUM_VECES_SINODAL) VALUES
                                  (8          ,5665652109  ,TO_DATE('2013-01-01','YYYY-MM-DD') ,TO_DATE('2024-01-01','YYYY-MM-DD') ,2);
  INSERT INTO PROFESOR_ASIGNATURA (PROFESOR_ID,NUM_CONTRATO,FECHA_INICIO_CONTRATO              ,FECHA_FIN_CONTRATO                 ,NUM_VECES_SINODAL) VALUES
                                  (9          ,1240132348  ,TO_DATE('2015-01-01','YYYY-MM-DD') ,TO_DATE('2025-01-01','YYYY-MM-DD') ,1);

--CARGAS DE ESPECIALIDAD
  INSERT INTO ESPECIALIDAD(ESPECIALIDAD_ID    ,PROFESOR_CARRERA_ID,GRADO_ESTUDIOS_ID  ,DESCRIPCION) VALUES
                          (1                  ,3                  ,1                  ,'INGENIEIA EN COMPUTACION');
  INSERT INTO ESPECIALIDAD(ESPECIALIDAD_ID    ,PROFESOR_CARRERA_ID,GRADO_ESTUDIOS_ID  ,DESCRIPCION) VALUES
                          (2                  ,3                  ,2                  ,'CIENCIAS DE LA COMPUTACION');
  INSERT INTO ESPECIALIDAD(ESPECIALIDAD_ID    ,PROFESOR_CARRERA_ID,GRADO_ESTUDIOS_ID  ,DESCRIPCION) VALUES
                          (3                  ,3                  ,3                  ,'CIENCIAS DE LA COMPLEJIDAD');                       
  INSERT INTO ESPECIALIDAD(ESPECIALIDAD_ID    ,PROFESOR_CARRERA_ID,GRADO_ESTUDIOS_ID  ,DESCRIPCION) VALUES
                          (4                  ,4                  ,1                  ,'LIC EN MATEMATICAS');
  INSERT INTO ESPECIALIDAD(ESPECIALIDAD_ID    ,PROFESOR_CARRERA_ID,GRADO_ESTUDIOS_ID  ,DESCRIPCION) VALUES
                          (5                  ,4                  ,2                  ,'GEOMETRIA NO ECLIDIANA'); 

--CAGAS DE CARRERA (CATALOGO DE BASE)
  INSERT INTO CARRERA (CARRERA_ID,NOMBRE,CLAVE,DESCRIPCION) VALUES (1,'INGENIERIA EN COMPUTACION',001,'LA CARRERA DE INGENIERO EN COMPUTACIÓN TIENE COMO OBJETIVO FORMAR PROFESIONALES CAPACES DE PLANEAR, DISEÑAR, ORGANIZAR, PRODUCIR, OPERAR Y DAR SOPORTE TÉCNICO A LOS SISTEMAS ELECTRÓNICOS PARA EL PROCESAMIENTO DE DATOS, A LOS SISTEMAS DE PROGRAMACIÓN -DE BASE Y DE APLICACIÓN DEL EQUIPO DE CÓMPUTO-, ASÍ COMO EFECTUAR EL CONTROL DIGITAL DE PROCESOS AUTOMÁTICOS.');
  INSERT INTO CARRERA (CARRERA_ID,NOMBRE,CLAVE,DESCRIPCION) VALUES (2,'INGENIERIA ELECTRICA',002,'LA CARRERA DE INGENIERÍA ELÉCTRICA ELECTRÓNICA TIENE COMO OBJETIVO FORMAR PROFESIONISTAS QUE UTILIZAN LAS CIENCIAS FÍSICAS, QUÍMICAS Y MATEMÁTICAS, ASÍ COMO TÉCNICAS DE INGENIERÍA, ECONOMÍA, COMPUTACIÓN Y ADMINISTRACIÓN PARA TRANSFORMAR LA NATURALEZA MEDIANTE DISPOSITIVOS MECÁNICOS, ELÉCTRICOS Y ELECTRÓNICOS EN BENEFICIO DE LA SOCIEDAD, Y PARA OPTIMAR LA INTEGRACIÓN Y EL FUNCIONAMIENTO DE LOS SISTEMAS PRODUCTIVOS FORMADOS POR HOMBRES, MÁQUINAS E INSUMOS.');
  INSERT INTO CARRERA (CARRERA_ID,NOMBRE,CLAVE,DESCRIPCION) VALUES (3,'INGENIERIA EN TELECOMUNICACIONES',003,'EL INGENIERO EN TELECOMUNICACIONES ES EL PROFESIONISTA QUE APLICA CONOCIMIENTOS DE LAS CIENCIAS BÁSICAS - FÍSICA Y MATEMÁTICAS-, ASÍ COMO LOS CORRESPONDIENTES A SEÑALES, SISTEMAS, ELECTRÓNICA Y COMPUTACIÓN PARA ANALIZAR, DISEÑAR, PLANEAR, ORGANIZAR, PRODUCIR, INSTALAR, DESARROLLAR, ADEMÁS DE MANTENER EN OPERACIÓN Y ADMINISTRAR REDES Y SISTEMAS DE TELECOMUNICACIONES.');
  INSERT INTO CARRERA (CARRERA_ID,NOMBRE,CLAVE,DESCRIPCION) VALUES (4,'INGENIERIA MECANICA',004,'LA CARRERA DE INGENIERÍA MECÁNICA FORMA PROFESIONALES QUE, MEDIANTE EL USO DE LA FÍSICA, LA QUÍMICA, LAS MATEMÁTICAS Y LAS TÉCNICAS DE INGENIERÍA, PROPORCIONAN A LA SOCIEDAD HERRAMIENTAS Y BIENES QUE LE PERMITEN APROVECHAR LOS RECURSOS NATURALES PARA SATISFACER LAS NECESIDADES MATERIALES, SOCIALES E INCLUSO INTELECTUALES DEL HOMBRE.');
  INSERT INTO CARRERA (CARRERA_ID,NOMBRE,CLAVE,DESCRIPCION) VALUES (5,'INGENIERIA CIVIL',005,'EL INGENIERO CIVIL ES EL PROFESIONISTA QUE POSEE UNA FORMACIÓN MULTIDISCIPLINARIA CONFORMADA POR CONOCIMIENTOS GENERALES DE MATEMÁTICAS, FÍSICA, QUÍMICA; Y DE LAS ÁREAS ESPECÍFICAS DE LA DISCIPLINA, LOS QUE AUNADOS A LAS NOCIONES EN COMPUTACIÓN, COMUNICACIÓN GRÁFICA, INFORMÁTICA, ADMINISTRACIÓN Y EVALUACIÓN DE PROYECTOS, LO CAPACITAN PARA PARTICIPAR EN LAS ETAPAS DE PLANEACIÓN, DISEÑO, ORGANIZACIÓN, CONSTRUCCIÓN, OPERACIÓN Y CONSERVACIÓN DE OBRAS CIVILES Y DE INFRAESTRUCTURA.');

--CARGAS DE PLAN_ESTUDIOS_CARRERA (MANEJO DE M:M)
  INSERT INTO PLAN_ESTUDIOS_CARRERA (PLAN_ESTUDIOS_CARRERA_ID,CARRERA_ID,PLAN_ESTUDIOS_ID) VALUES  (2,1,2);
  INSERT INTO PLAN_ESTUDIOS_CARRERA (PLAN_ESTUDIOS_CARRERA_ID,CARRERA_ID,PLAN_ESTUDIOS_ID) VALUES  (1,1,1);
  INSERT INTO PLAN_ESTUDIOS_CARRERA (PLAN_ESTUDIOS_CARRERA_ID,CARRERA_ID,PLAN_ESTUDIOS_ID) VALUES  (3,1,3);
  INSERT INTO PLAN_ESTUDIOS_CARRERA (PLAN_ESTUDIOS_CARRERA_ID,CARRERA_ID,PLAN_ESTUDIOS_ID) VALUES  (4,1,4);
  INSERT INTO PLAN_ESTUDIOS_CARRERA (PLAN_ESTUDIOS_CARRERA_ID,CARRERA_ID,PLAN_ESTUDIOS_ID) VALUES  (5,2,1);
  INSERT INTO PLAN_ESTUDIOS_CARRERA (PLAN_ESTUDIOS_CARRERA_ID,CARRERA_ID,PLAN_ESTUDIOS_ID) VALUES  (6,2,2);
  INSERT INTO PLAN_ESTUDIOS_CARRERA (PLAN_ESTUDIOS_CARRERA_ID,CARRERA_ID,PLAN_ESTUDIOS_ID) VALUES  (7,2,3);
  INSERT INTO PLAN_ESTUDIOS_CARRERA (PLAN_ESTUDIOS_CARRERA_ID,CARRERA_ID,PLAN_ESTUDIOS_ID) VALUES  (8,2,4);
  INSERT INTO PLAN_ESTUDIOS_CARRERA (PLAN_ESTUDIOS_CARRERA_ID,CARRERA_ID,PLAN_ESTUDIOS_ID) VALUES  (9,3,1);
  INSERT INTO PLAN_ESTUDIOS_CARRERA (PLAN_ESTUDIOS_CARRERA_ID,CARRERA_ID,PLAN_ESTUDIOS_ID) VALUES  (10,3,2);
  INSERT INTO PLAN_ESTUDIOS_CARRERA (PLAN_ESTUDIOS_CARRERA_ID,CARRERA_ID,PLAN_ESTUDIOS_ID) VALUES  (11,3,3);
  INSERT INTO PLAN_ESTUDIOS_CARRERA (PLAN_ESTUDIOS_CARRERA_ID,CARRERA_ID,PLAN_ESTUDIOS_ID) VALUES  (12,3,4);
  INSERT INTO PLAN_ESTUDIOS_CARRERA (PLAN_ESTUDIOS_CARRERA_ID,CARRERA_ID,PLAN_ESTUDIOS_ID) VALUES  (13,4,1);
  INSERT INTO PLAN_ESTUDIOS_CARRERA (PLAN_ESTUDIOS_CARRERA_ID,CARRERA_ID,PLAN_ESTUDIOS_ID) VALUES  (14,4,2);
  INSERT INTO PLAN_ESTUDIOS_CARRERA (PLAN_ESTUDIOS_CARRERA_ID,CARRERA_ID,PLAN_ESTUDIOS_ID) VALUES  (15,4,3);
  INSERT INTO PLAN_ESTUDIOS_CARRERA (PLAN_ESTUDIOS_CARRERA_ID,CARRERA_ID,PLAN_ESTUDIOS_ID) VALUES  (16,4,4);

--CARGAS DE ASIGNATURA
  --PLAN DE ESTUDIOS PL-2010--
  INSERT INTO ASIGNATURA  (ASIGNATURA_ID  ,CLAVE  ,NOMBRE     ,SEMESTRE_CURSAR    ,CREDITOS ,PLAN_ESTUDIOS_ID   ,ASIGNATURA_ANTECEDENTE ,SEMESTRE_IMPARTICION) VALUES 
                          (1              ,1      ,'ALGEBRA'  ,1                  ,8       ,3                  ,NULL                   ,NULL);
  INSERT INTO ASIGNATURA  (ASIGNATURA_ID  ,CLAVE  ,NOMBRE           ,SEMESTRE_CURSAR  ,CREDITOS ,PLAN_ESTUDIOS_ID   ,ASIGNATURA_ANTECEDENTE ,SEMESTRE_IMPARTICION) VALUES 
                          (2              ,2      ,'ALGEBRA LINEAL' ,2                ,8       ,3                  ,NULL                   ,NULL);
  INSERT INTO ASIGNATURA  (ASIGNATURA_ID  ,CLAVE  ,NOMBRE                           ,SEMESTRE_CURSAR    ,CREDITOS ,PLAN_ESTUDIOS_ID   ,ASIGNATURA_ANTECEDENTE   ,SEMESTRE_IMPARTICION) VALUES 
                          (3              ,3      ,'LENGUAJES FORMALES Y AUTOMATAS' ,5                  ,8        ,3                  ,NULL                     ,5);
  INSERT INTO ASIGNATURA  (ASIGNATURA_ID  ,CLAVE  ,NOMBRE               ,SEMESTRE_CURSAR    ,CREDITOS ,PLAN_ESTUDIOS_ID   ,ASIGNATURA_ANTECEDENTE ,SEMESTRE_IMPARTICION) VALUES 
                          (4              ,4      ,'SISTEMAS OPERATIVOS' ,6                  ,8        ,3                  ,3                      ,6);
  --PLAN DE ESTUDIOS PL-2010--
  INSERT INTO ASIGNATURA  (ASIGNATURA_ID  ,CLAVE  ,NOMBRE     ,SEMESTRE_CURSAR    ,CREDITOS ,PLAN_ESTUDIOS_ID   ,ASIGNATURA_ANTECEDENTE ,SEMESTRE_IMPARTICION) VALUES 
                          (5              ,5      ,'ALGEBRA'  ,1                  ,8       ,4                  ,NULL                   ,NULL);
  INSERT INTO ASIGNATURA  (ASIGNATURA_ID  ,CLAVE  ,NOMBRE           ,SEMESTRE_CURSAR  ,CREDITOS ,PLAN_ESTUDIOS_ID   ,ASIGNATURA_ANTECEDENTE ,SEMESTRE_IMPARTICION) VALUES 
                          (6              ,6      ,'ALGEBRA LINEAL' ,2                ,8       ,4                  ,NULL                   ,NULL);
  INSERT INTO ASIGNATURA  (ASIGNATURA_ID  ,CLAVE  ,NOMBRE                           ,SEMESTRE_CURSAR    ,CREDITOS ,PLAN_ESTUDIOS_ID   ,ASIGNATURA_ANTECEDENTE   ,SEMESTRE_IMPARTICION) VALUES 
                          (7              ,7      ,'LENGUAJES FORMALES Y AUTOMATAS' ,5                  ,8        ,4                  ,NULL                     ,5);
  INSERT INTO ASIGNATURA  (ASIGNATURA_ID  ,CLAVE  ,NOMBRE               ,SEMESTRE_CURSAR    ,CREDITOS ,PLAN_ESTUDIOS_ID   ,ASIGNATURA_ANTECEDENTE ,SEMESTRE_IMPARTICION) VALUES 
                          (8              ,8      ,'SISTEMAS OPERATIVOS' ,6                  ,8        ,4                  ,7                      ,6);

--CARGAS DE CURSO
  INSERT INTO CURSO (CURSO_ID, NUM_GRUPO,ASIGNATURA_ID,PROFESOR_ID) VALUES (1 ,1,1,1);
  INSERT INTO CURSO (CURSO_ID, NUM_GRUPO,ASIGNATURA_ID,PROFESOR_ID) VALUES (2 ,2,1,1);
  INSERT INTO CURSO (CURSO_ID, NUM_GRUPO,ASIGNATURA_ID,PROFESOR_ID) VALUES (3 ,1,2,2);
  INSERT INTO CURSO (CURSO_ID, NUM_GRUPO,ASIGNATURA_ID,PROFESOR_ID) VALUES (4 ,2,2,2);
  INSERT INTO CURSO (CURSO_ID, NUM_GRUPO,ASIGNATURA_ID,PROFESOR_ID) VALUES (5 ,1,3,3);
  INSERT INTO CURSO (CURSO_ID, NUM_GRUPO,ASIGNATURA_ID,PROFESOR_ID) VALUES (6 ,2,3,3);
  INSERT INTO CURSO (CURSO_ID, NUM_GRUPO,ASIGNATURA_ID,PROFESOR_ID) VALUES (7 ,1,4,4);
  INSERT INTO CURSO (CURSO_ID, NUM_GRUPO,ASIGNATURA_ID,PROFESOR_ID) VALUES (8 ,2,4,4);
  INSERT INTO CURSO (CURSO_ID, NUM_GRUPO,ASIGNATURA_ID,PROFESOR_ID) VALUES (9 ,1,5,5);
  INSERT INTO CURSO (CURSO_ID, NUM_GRUPO,ASIGNATURA_ID,PROFESOR_ID) VALUES (10,2,5,5);
  INSERT INTO CURSO (CURSO_ID, NUM_GRUPO,ASIGNATURA_ID,PROFESOR_ID) VALUES (11,1,6,6);
  INSERT INTO CURSO (CURSO_ID, NUM_GRUPO,ASIGNATURA_ID,PROFESOR_ID) VALUES (12,2,6,6);
  INSERT INTO CURSO (CURSO_ID, NUM_GRUPO,ASIGNATURA_ID,PROFESOR_ID) VALUES (13,1,7,7);
  INSERT INTO CURSO (CURSO_ID, NUM_GRUPO,ASIGNATURA_ID,PROFESOR_ID) VALUES (14,2,7,7);
  INSERT INTO CURSO (CURSO_ID, NUM_GRUPO,ASIGNATURA_ID,PROFESOR_ID) VALUES (15,1,8,8);
  INSERT INTO CURSO (CURSO_ID, NUM_GRUPO,ASIGNATURA_ID,PROFESOR_ID) VALUES (16,2,8,)9;

--CARGAS DE CURSO_HORARIO (MANEJO DE M:M)
  INSERT INTO CURSO_HORARIO (CURSO_HORARIO_ID,HORARIO_ID,CURSO_ID) VALUES (1 ,1 ,1 );
  INSERT INTO CURSO_HORARIO (CURSO_HORARIO_ID,HORARIO_ID,CURSO_ID) VALUES (2 ,2 ,1 );
  INSERT INTO CURSO_HORARIO (CURSO_HORARIO_ID,HORARIO_ID,CURSO_ID) VALUES (3 ,3 ,2 );
  INSERT INTO CURSO_HORARIO (CURSO_HORARIO_ID,HORARIO_ID,CURSO_ID) VALUES (4 ,4 ,2 );
  INSERT INTO CURSO_HORARIO (CURSO_HORARIO_ID,HORARIO_ID,CURSO_ID) VALUES (5 ,5 ,3 );
  INSERT INTO CURSO_HORARIO (CURSO_HORARIO_ID,HORARIO_ID,CURSO_ID) VALUES (6 ,6 ,3 );
  INSERT INTO CURSO_HORARIO (CURSO_HORARIO_ID,HORARIO_ID,CURSO_ID) VALUES (7 ,7 ,4 );
  INSERT INTO CURSO_HORARIO (CURSO_HORARIO_ID,HORARIO_ID,CURSO_ID) VALUES (8 ,8 ,4 );
  INSERT INTO CURSO_HORARIO (CURSO_HORARIO_ID,HORARIO_ID,CURSO_ID) VALUES (9 ,9 ,5 );
  INSERT INTO CURSO_HORARIO (CURSO_HORARIO_ID,HORARIO_ID,CURSO_ID) VALUES (10,10,5 );
  INSERT INTO CURSO_HORARIO (CURSO_HORARIO_ID,HORARIO_ID,CURSO_ID) VALUES (11,11,6 );
  INSERT INTO CURSO_HORARIO (CURSO_HORARIO_ID,HORARIO_ID,CURSO_ID) VALUES (12,12,6 );
  INSERT INTO CURSO_HORARIO (CURSO_HORARIO_ID,HORARIO_ID,CURSO_ID) VALUES (13,13,7 );
  INSERT INTO CURSO_HORARIO (CURSO_HORARIO_ID,HORARIO_ID,CURSO_ID) VALUES (14,14,7 );
  INSERT INTO CURSO_HORARIO (CURSO_HORARIO_ID,HORARIO_ID,CURSO_ID) VALUES (15,15,8 );
  INSERT INTO CURSO_HORARIO (CURSO_HORARIO_ID,HORARIO_ID,CURSO_ID) VALUES (16,16,8 );
  INSERT INTO CURSO_HORARIO (CURSO_HORARIO_ID,HORARIO_ID,CURSO_ID) VALUES (17,1 ,9 );
  INSERT INTO CURSO_HORARIO (CURSO_HORARIO_ID,HORARIO_ID,CURSO_ID) VALUES (18,2 ,9 );
  INSERT INTO CURSO_HORARIO (CURSO_HORARIO_ID,HORARIO_ID,CURSO_ID) VALUES (19,3 ,10);
  INSERT INTO CURSO_HORARIO (CURSO_HORARIO_ID,HORARIO_ID,CURSO_ID) VALUES (20,4 ,10);
  INSERT INTO CURSO_HORARIO (CURSO_HORARIO_ID,HORARIO_ID,CURSO_ID) VALUES (21,5 ,11);
  INSERT INTO CURSO_HORARIO (CURSO_HORARIO_ID,HORARIO_ID,CURSO_ID) VALUES (22,6 ,11);
  INSERT INTO CURSO_HORARIO (CURSO_HORARIO_ID,HORARIO_ID,CURSO_ID) VALUES (23,7 ,12);
  INSERT INTO CURSO_HORARIO (CURSO_HORARIO_ID,HORARIO_ID,CURSO_ID) VALUES (24,8 ,12);
  INSERT INTO CURSO_HORARIO (CURSO_HORARIO_ID,HORARIO_ID,CURSO_ID) VALUES (25,9, 13);
  INSERT INTO CURSO_HORARIO (CURSO_HORARIO_ID,HORARIO_ID,CURSO_ID) VALUES (26,10,13);
  INSERT INTO CURSO_HORARIO (CURSO_HORARIO_ID,HORARIO_ID,CURSO_ID) VALUES (27,11,14);
  INSERT INTO CURSO_HORARIO (CURSO_HORARIO_ID,HORARIO_ID,CURSO_ID) VALUES (28,12,14);
  INSERT INTO CURSO_HORARIO (CURSO_HORARIO_ID,HORARIO_ID,CURSO_ID) VALUES (29,13,15);
  INSERT INTO CURSO_HORARIO (CURSO_HORARIO_ID,HORARIO_ID,CURSO_ID) VALUES (30,14,15);
  INSERT INTO CURSO_HORARIO (CURSO_HORARIO_ID,HORARIO_ID,CURSO_ID) VALUES (31,15,16);
  INSERT INTO CURSO_HORARIO (CURSO_HORARIO_ID,HORARIO_ID,CURSO_ID) VALUES (32,16,16);

--CARGAS DE CURSO_SEMESTRE (MANEJO DE M:M)
  INSERT INTO CURSO_SEMESTRE (CURSO_SEMESTRE_ID,SEMESTRE_ID,CURSO_ID) VALUES (1 ,12,1 );
  INSERT INTO CURSO_SEMESTRE (CURSO_SEMESTRE_ID,SEMESTRE_ID,CURSO_ID) VALUES (2 ,13,2 );
  INSERT INTO CURSO_SEMESTRE (CURSO_SEMESTRE_ID,SEMESTRE_ID,CURSO_ID) VALUES (3 ,12,3 );
  INSERT INTO CURSO_SEMESTRE (CURSO_SEMESTRE_ID,SEMESTRE_ID,CURSO_ID) VALUES (4 ,13,4 );
  INSERT INTO CURSO_SEMESTRE (CURSO_SEMESTRE_ID,SEMESTRE_ID,CURSO_ID) VALUES (5 ,12,5 );
  INSERT INTO CURSO_SEMESTRE (CURSO_SEMESTRE_ID,SEMESTRE_ID,CURSO_ID) VALUES (6 ,13,6 );
  INSERT INTO CURSO_SEMESTRE (CURSO_SEMESTRE_ID,SEMESTRE_ID,CURSO_ID) VALUES (7 ,12,7 );
  INSERT INTO CURSO_SEMESTRE (CURSO_SEMESTRE_ID,SEMESTRE_ID,CURSO_ID) VALUES (8 ,13,8 );
  INSERT INTO CURSO_SEMESTRE (CURSO_SEMESTRE_ID,SEMESTRE_ID,CURSO_ID) VALUES (9 ,12,9 );
  INSERT INTO CURSO_SEMESTRE (CURSO_SEMESTRE_ID,SEMESTRE_ID,CURSO_ID) VALUES (10,13,10);
  INSERT INTO CURSO_SEMESTRE (CURSO_SEMESTRE_ID,SEMESTRE_ID,CURSO_ID) VALUES (11,12,11);
  INSERT INTO CURSO_SEMESTRE (CURSO_SEMESTRE_ID,SEMESTRE_ID,CURSO_ID) VALUES (12,13,12);
  INSERT INTO CURSO_SEMESTRE (CURSO_SEMESTRE_ID,SEMESTRE_ID,CURSO_ID) VALUES (13,12,13);
  INSERT INTO CURSO_SEMESTRE (CURSO_SEMESTRE_ID,SEMESTRE_ID,CURSO_ID) VALUES (14,13,14);
  INSERT INTO CURSO_SEMESTRE (CURSO_SEMESTRE_ID,SEMESTRE_ID,CURSO_ID) VALUES (15,12,15);
  INSERT INTO CURSO_SEMESTRE (CURSO_SEMESTRE_ID,SEMESTRE_ID,CURSO_ID) VALUES (16,13,16);

--CARGAS DE TESIS
  INSERT INTO TESIS(TESIS_ID  ,NOMBRE                         ,FECHA_REGISTRO                    ,OBJETIVO,                                          PDF  ,STATUS_TESIS_ID,DIRECTOR_TESIS_ID) VALUES
                  (1          ,'BIG DATA Y TEORIA DEL CAOS'   ,TO_DATE('2016-05-03','YYYY-MM-DD'),'APLICACIONES PRÁCTICAS SOBRE EL ESTUDIO DEL CAOS',NULL ,5,             3);
  INSERT INTO TESIS(TESIS_ID  ,NOMBRE                         ,FECHA_REGISTRO                    ,OBJETIVO,                                          PDF  ,STATUS_TESIS_ID,DIRECTOR_TESIS_ID) VALUES
                  (2          ,'TECNICAS DE CIMENTACION'      ,TO_DATE('2018-11-25','YYYY-MM-DD'),'NO SOY CIVIL'                                      ,NULL,1,            NULL);
  
--CARGAS DE HISTORICO DE TESIS 
  INSERT INTO TESIS_HISTORICO(TESIS_HISTORICO_ID  ,STATUS_TESIS_ID,TESIS_ID,FECHA_MODIFICAICON) VALUES
                            (1,1              ,1        ,TO_DATE('2016-05-03','YYYY-MM-DD'));
  
  INSERT INTO TESIS_HISTORICO(TESIS_HISTORICO_ID  ,STATUS_TESIS_ID,TESIS_ID,FECHA_MODIFICAICON) VALUES
                            (2,2              ,1        ,TO_DATE('2016-06-01','YYYY-MM-DD'));
  
  INSERT INTO TESIS_HISTORICO(TESIS_HISTORICO_ID  ,STATUS_TESIS_ID,TESIS_ID,FECHA_MODIFICAICON) VALUES
                            (3,3              ,1        ,TO_DATE('2016-11-03','YYYY-MM-DD'));
  INSERT INTO TESIS_HISTORICO(TESIS_HISTORICO_ID  ,STATUS_TESIS_ID,TESIS_ID,FECHA_MODIFICAICON) VALUES
                            (4,5              ,1        ,TO_DATE('2017-02-20','YYYY-MM-DD'));
  INSERT INTO TESIS_HISTORICO(TESIS_HISTORICO_ID  ,STATUS_TESIS_ID,TESIS_ID,FECHA_MODIFICAICON) VALUES
                            (5,1              ,2       ,TO_DATE('2018-11-25','YYYY-MM-DD'));

--CARGAS DE TESIS_SINODAL (MANEJO DE M:M)
  INSERT INTO TESIS_SINODAL (TESIS_SINODAL_ID,TESIS_ID,SINODAL_ID) VALUES (1,1,5);
  INSERT INTO TESIS_SINODAL (TESIS_SINODAL_ID,TESIS_ID,SINODAL_ID) VALUES (2,1,6);
  INSERT INTO TESIS_SINODAL (TESIS_SINODAL_ID,TESIS_ID,SINODAL_ID) VALUES (3,1,7);
  INSERT INTO TESIS_SINODAL (TESIS_SINODAL_ID,TESIS_ID,SINODAL_ID) VALUES (4,1,8);
  INSERT INTO TESIS_SINODAL (TESIS_SINODAL_ID,TESIS_ID,SINODAL_ID) VALUES (5,1,9);
  

ESTUDIANTE
ESTUDIANTE_INSCRITO







