--@Autor(es):       Gutiérrez Castillo Oscar, Valderrama Navarro Armando
--@Fecha creación:  01-12-2018
--@Descripción:     Cargas iniciales de archivos

--CARGA DE PLANES DE ESTUDIOS (CATALOGO DE BASE)
  INSERT INTO PLAN_ESTUDIOS (PLAN_ESTUDIOS_ID,CLAVE,FECHA_APROBACION,FECHA_TERMINO) VALUES (PLAN_ESTUDIOS_SEQ.NEXTVAL,'PL-1997',TO_DATE('1997','YYYY'),TO_DATE('2004','YYYY'));
  INSERT INTO PLAN_ESTUDIOS (PLAN_ESTUDIOS_ID,CLAVE,FECHA_APROBACION,FECHA_TERMINO) VALUES (PLAN_ESTUDIOS_SEQ.NEXTVAL,'PL-2004',TO_DATE('2004','YYYY'),TO_DATE('2010','YYYY'));
  INSERT INTO PLAN_ESTUDIOS (PLAN_ESTUDIOS_ID,CLAVE,FECHA_APROBACION,FECHA_TERMINO) VALUES (PLAN_ESTUDIOS_SEQ.NEXTVAL,'PL-2010',TO_DATE('2010','YYYY'),TO_DATE('2016','YYYY'));
  INSERT INTO PLAN_ESTUDIOS (PLAN_ESTUDIOS_ID,CLAVE,FECHA_APROBACION,FECHA_TERMINO) VALUES (PLAN_ESTUDIOS_SEQ.NEXTVAL,'PL-2016',TO_DATE('2016','YYYY'),NULL);

--CARGA DE DIAS DE LA SEMANA (CATALOGO DE BASE)
  INSERT INTO DIA_SEMANA (DIA_SEMANA_ID,DESCRIPCION) VALUES (1,'LUNES');
  INSERT INTO DIA_SEMANA (DIA_SEMANA_ID,DESCRIPCION) VALUES (2,'MARTES');
  INSERT INTO DIA_SEMANA (DIA_SEMANA_ID,DESCRIPCION) VALUES (3,'MIERCOLES');
  INSERT INTO DIA_SEMANA (DIA_SEMANA_ID,DESCRIPCION) VALUES (4,'JUEVES');
  INSERT INTO DIA_SEMANA (DIA_SEMANA_ID,DESCRIPCION) VALUES (5,'VIERNES');
  INSERT INTO DIA_SEMANA (DIA_SEMANA_ID,DESCRIPCION) VALUES (6,'SABADO');

--CARGA DE LOS HORARIOS (CATALOGO, BASADO EN DIA_SEMANA)
  INSERT INTO HORARIO (HORARIO_ID,NUMERO_SALON,NUMERO_CLASE,HORA_INICIO,HORA_FIN,DIA_IMPARTICION) VALUES (HORARIO_SEQ.NEXTVAL,'A101',1,TO_DATE('07:00', 'HH24:MI'),TO_DATE('09:00', 'HH24:MI'),1);
  INSERT INTO HORARIO (HORARIO_ID,NUMERO_SALON,NUMERO_CLASE,HORA_INICIO,HORA_FIN,DIA_IMPARTICION) VALUES (HORARIO_SEQ.NEXTVAL,'A101',2,TO_DATE('07:00', 'HH24:MI'),TO_DATE('09:00', 'HH24:MI'),2);
  INSERT INTO HORARIO (HORARIO_ID,NUMERO_SALON,NUMERO_CLASE,HORA_INICIO,HORA_FIN,DIA_IMPARTICION) VALUES (HORARIO_SEQ.NEXTVAL,'A202',1,TO_DATE('09:00', 'HH24:MI'),TO_DATE('11:00', 'HH24:MI'),4);
  INSERT INTO HORARIO (HORARIO_ID,NUMERO_SALON,NUMERO_CLASE,HORA_INICIO,HORA_FIN,DIA_IMPARTICION) VALUES (HORARIO_SEQ.NEXTVAL,'A202',2,TO_DATE('09:00', 'HH24:MI'),TO_DATE('11:00', 'HH24:MI'),6);
  INSERT INTO HORARIO (HORARIO_ID,NUMERO_SALON,NUMERO_CLASE,HORA_INICIO,HORA_FIN,DIA_IMPARTICION) VALUES (HORARIO_SEQ.NEXTVAL,'B101',1,TO_DATE('11:00', 'HH24:MI'),TO_DATE('13:00', 'HH24:MI'),6);
  INSERT INTO HORARIO (HORARIO_ID,NUMERO_SALON,NUMERO_CLASE,HORA_INICIO,HORA_FIN,DIA_IMPARTICION) VALUES (HORARIO_SEQ.NEXTVAL,'B101',2,TO_DATE('11:00', 'HH24:MI'),TO_DATE('13:00', 'HH24:MI'),3);
  INSERT INTO HORARIO (HORARIO_ID,NUMERO_SALON,NUMERO_CLASE,HORA_INICIO,HORA_FIN,DIA_IMPARTICION) VALUES (HORARIO_SEQ.NEXTVAL,'B202',1,TO_DATE('07:00', 'HH24:MI'),TO_DATE('09:00', 'HH24:MI'),4);
  INSERT INTO HORARIO (HORARIO_ID,NUMERO_SALON,NUMERO_CLASE,HORA_INICIO,HORA_FIN,DIA_IMPARTICION) VALUES (HORARIO_SEQ.NEXTVAL,'B202',2,TO_DATE('13:00', 'HH24:MI'),TO_DATE('15:00', 'HH24:MI'),1);
  INSERT INTO HORARIO (HORARIO_ID,NUMERO_SALON,NUMERO_CLASE,HORA_INICIO,HORA_FIN,DIA_IMPARTICION) VALUES (HORARIO_SEQ.NEXTVAL,'D101',1,TO_DATE('13:00', 'HH24:MI'),TO_DATE('15:00', 'HH24:MI'),5);
  INSERT INTO HORARIO (HORARIO_ID,NUMERO_SALON,NUMERO_CLASE,HORA_INICIO,HORA_FIN,DIA_IMPARTICION) VALUES (HORARIO_SEQ.NEXTVAL,'D101',2,TO_DATE('07:00', 'HH24:MI'),TO_DATE('09:00', 'HH24:MI'),2);
  INSERT INTO HORARIO (HORARIO_ID,NUMERO_SALON,NUMERO_CLASE,HORA_INICIO,HORA_FIN,DIA_IMPARTICION) VALUES (HORARIO_SEQ.NEXTVAL,'D202',1,TO_DATE('11:00', 'HH24:MI'),TO_DATE('13:00', 'HH24:MI'),1);
  INSERT INTO HORARIO (HORARIO_ID,NUMERO_SALON,NUMERO_CLASE,HORA_INICIO,HORA_FIN,DIA_IMPARTICION) VALUES (HORARIO_SEQ.NEXTVAL,'D202',2,TO_DATE('07:00', 'HH24:MI'),TO_DATE('09:00', 'HH24:MI'),3);
  INSERT INTO HORARIO (HORARIO_ID,NUMERO_SALON,NUMERO_CLASE,HORA_INICIO,HORA_FIN,DIA_IMPARTICION) VALUES (HORARIO_SEQ.NEXTVAL,'E101',1,TO_DATE('07:00', 'HH24:MI'),TO_DATE('09:00', 'HH24:MI'),2);
  INSERT INTO HORARIO (HORARIO_ID,NUMERO_SALON,NUMERO_CLASE,HORA_INICIO,HORA_FIN,DIA_IMPARTICION) VALUES (HORARIO_SEQ.NEXTVAL,'E101',2,TO_DATE('11:00', 'HH24:MI'),TO_DATE('13:00', 'HH24:MI'),1);
  INSERT INTO HORARIO (HORARIO_ID,NUMERO_SALON,NUMERO_CLASE,HORA_INICIO,HORA_FIN,DIA_IMPARTICION) VALUES (HORARIO_SEQ.NEXTVAL,'E202',1,TO_DATE('11:00', 'HH24:MI'),TO_DATE('13:00', 'HH24:MI'),4);
  INSERT INTO HORARIO (HORARIO_ID,NUMERO_SALON,NUMERO_CLASE,HORA_INICIO,HORA_FIN,DIA_IMPARTICION) VALUES (HORARIO_SEQ.NEXTVAL,'E202',2,TO_DATE('13:00', 'HH24:MI'),TO_DATE('15:00', 'HH24:MI'),3);

--CARGA DE GRADOS DE ESTUDIOS (CATALOGO DE BASE)
  INSERT INTO GRADO_ESTUDIOS (GRADO_ESTUDIOS_ID,CLAVE,DESCRIPCION) VALUES (1,'LI','LICENCIATURA');
  INSERT INTO GRADO_ESTUDIOS (GRADO_ESTUDIOS_ID,CLAVE,DESCRIPCION) VALUES (2,'MA','MAESTRIA');
  INSERT INTO GRADO_ESTUDIOS (GRADO_ESTUDIOS_ID,CLAVE,DESCRIPCION) VALUES (3,'DR','DOCTORADO');

--CARGAS DE STATUS DE TESIS (CATALOGO DE BASE)
  INSERT INTO STATUS_TESIS(STATUS_TESIS_ID,CLAVE,DESCRIPCION) VALUES (1,'REGISTRADA','TESIS REGISTRADA');
  INSERT INTO STATUS_TESIS(STATUS_TESIS_ID,CLAVE,DESCRIPCION) VALUES (2,'VALIDADA','TESIS VALIDADA, SE SIGNAN SINODALES Y DIRECTOR');
  INSERT INTO STATUS_TESIS(STATUS_TESIS_ID,CLAVE,DESCRIPCION) VALUES (3,'CONCLUIDA','TESIS ENTREGADA, EN ESPERA DE RESPUESTA');
  INSERT INTO STATUS_TESIS(STATUS_TESIS_ID,CLAVE,DESCRIPCION) VALUES (4,'CANCELADA','TESIS NO APRBADA');
  INSERT INTO STATUS_TESIS(STATUS_TESIS_ID,CLAVE,DESCRIPCION) VALUES (5,'CON_CEDULA','TESIS APROBADA, SE ASIANAN CEDULAS PROFESIONALES');

--CARGAS DE SEMESTRE (CATALOGO DE BASE)
  INSERT INTO SEMESTRE (SEMESTRE_ID,ANIO,PERIODO) VALUES (SEMESTRE_SEQ.NEXTVAL,2009,1);
  INSERT INTO SEMESTRE (SEMESTRE_ID,ANIO,PERIODO) VALUES (SEMESTRE_SEQ.NEXTVAL,2009,2);
  INSERT INTO SEMESTRE (SEMESTRE_ID,ANIO,PERIODO) VALUES (SEMESTRE_SEQ.NEXTVAL,2010,1);
  INSERT INTO SEMESTRE (SEMESTRE_ID,ANIO,PERIODO) VALUES (SEMESTRE_SEQ.NEXTVAL,2010,2);
  INSERT INTO SEMESTRE (SEMESTRE_ID,ANIO,PERIODO) VALUES (SEMESTRE_SEQ.NEXTVAL,2011,1);
  INSERT INTO SEMESTRE (SEMESTRE_ID,ANIO,PERIODO) VALUES (SEMESTRE_SEQ.NEXTVAL,2011,2);
  INSERT INTO SEMESTRE (SEMESTRE_ID,ANIO,PERIODO) VALUES (SEMESTRE_SEQ.NEXTVAL,2016,1);
  INSERT INTO SEMESTRE (SEMESTRE_ID,ANIO,PERIODO) VALUES (SEMESTRE_SEQ.NEXTVAL,2016,2);
  INSERT INTO SEMESTRE (SEMESTRE_ID,ANIO,PERIODO) VALUES (SEMESTRE_SEQ.NEXTVAL,2017,1);
  INSERT INTO SEMESTRE (SEMESTRE_ID,ANIO,PERIODO) VALUES (SEMESTRE_SEQ.NEXTVAL,2017,2);
  INSERT INTO SEMESTRE (SEMESTRE_ID,ANIO,PERIODO) VALUES (SEMESTRE_SEQ.NEXTVAL,2018,1);
  INSERT INTO SEMESTRE (SEMESTRE_ID,ANIO,PERIODO) VALUES (SEMESTRE_SEQ.NEXTVAL,2018,2);
  INSERT INTO SEMESTRE (SEMESTRE_ID,ANIO,PERIODO) VALUES (SEMESTRE_SEQ.NEXTVAL,2019,1);

--CARGAS DE PUESTO (CATALOGO DE BASE)
  INSERT INTO PUESTO (PUESTO_ID,NOMBRE_PUESTO,DESCRIPCION,PAGO_HORA,HORAS_CUBRIR) VALUES (1,'JEFE DIVISION'       ,'COORDINACION DE ACTIVIDADES DE DIVISION, COORDINACION DE BOLSAS DE TRABAJO',100,40);
  INSERT INTO PUESTO (PUESTO_ID,NOMBRE_PUESTO,DESCRIPCION,PAGO_HORA,HORAS_CUBRIR) VALUES (2,'SECRETARIO GENERAL'    ,'COORDINACION DE ACTIVIDADES DE DIVISION, COORDINACION DE BOLSAS DE TRABAJO, AUXILIAR DE JEFE DE DIVISION',90,40);
  INSERT INTO PUESTO (PUESTO_ID,NOMBRE_PUESTO,DESCRIPCION,PAGO_HORA,HORAS_CUBRIR) VALUES (3,'DIRECTOR DE SEMINARIO' ,'COORDINACION DE ACTIVIDADES DE DIVISION, COORDINACION DE BOLSAS DE TRABAJO',70,30);

--CARGAS DE PROFESOR
  INSERT INTO PROFESOR (PROFESOR_ID   ,NOMBRE         ,AP_PATERNO     ,AP_MATERNO     ,RFC                ,CEDULA_PROFESIONAL ,TIPO_PROFESOR      ,GRADO_ESTUDIOS_ID) VALUES 
                       (PROFESOR_SEQ.NEXTVAL ,  'LAURA'         ,'MARTINEZ'     ,'PEREZ'        ,'MAPE704532G45'    ,1234567            ,'D'                ,2);
  INSERT INTO PROFESOR (PROFESOR_ID   ,NOMBRE         ,AP_PATERNO     ,AP_MATERNO     ,RFC                ,CEDULA_PROFESIONAL ,TIPO_PROFESOR      ,GRADO_ESTUDIOS_ID) VALUES 
                       (PROFESOR_SEQ.NEXTVAL ,  'JUAN'          ,'GUTIERREZ'    ,'CRUZ'         ,'GUCR704532G45'    ,4567654            ,'D'                ,1);
  INSERT INTO PROFESOR (PROFESOR_ID   ,NOMBRE         ,AP_PATERNO     ,AP_MATERNO     ,RFC                ,CEDULA_PROFESIONAL ,TIPO_PROFESOR      ,GRADO_ESTUDIOS_ID) VALUES 
                       (PROFESOR_SEQ.NEXTVAL ,  'ERNESTO'       ,'TIERRA'       ,'ARZAMENDI'    ,'TIAR704532G45'    ,9137839            ,'C'                ,3);
  INSERT INTO PROFESOR (PROFESOR_ID   ,NOMBRE         ,AP_PATERNO     ,AP_MATERNO     ,RFC                ,CEDULA_PROFESIONAL ,TIPO_PROFESOR      ,GRADO_ESTUDIOS_ID) VALUES 
                       (PROFESOR_SEQ.NEXTVAL ,  'ARMANDO'          ,'SANDOVAL'     ,'MONTANO'      ,'SAMO704532G45'    ,2093847            ,'C'                ,2);
  INSERT INTO PROFESOR (PROFESOR_ID   ,NOMBRE         ,AP_PATERNO     ,AP_MATERNO     ,RFC                ,CEDULA_PROFESIONAL ,TIPO_PROFESOR      ,GRADO_ESTUDIOS_ID) VALUES 
                       (PROFESOR_SEQ.NEXTVAL ,  'ANA'           ,'SANDOVAL'     ,'CASTILLO'     ,'SACO705532G45'    ,1938784            ,'A'                ,1);
  INSERT INTO PROFESOR (PROFESOR_ID   ,NOMBRE         ,AP_PATERNO     ,AP_MATERNO     ,RFC                ,CEDULA_PROFESIONAL ,TIPO_PROFESOR      ,GRADO_ESTUDIOS_ID) VALUES 
                       (PROFESOR_SEQ.NEXTVAL ,  'MARIA'         ,'RODRIGUEZ'    ,'JUAREZ'       ,'ROJU704532G45'    ,0247487            ,'A'                ,2);
  INSERT INTO PROFESOR (PROFESOR_ID   ,NOMBRE         ,AP_PATERNO     ,AP_MATERNO     ,RFC                ,CEDULA_PROFESIONAL ,TIPO_PROFESOR      ,GRADO_ESTUDIOS_ID) VALUES 
                       (PROFESOR_SEQ.NEXTVAL ,  'JULIETA'       ,'SANDOVAL'     ,'MONTANO'      ,'SAMO724532G45'    ,3469830            ,'A'                ,2);
  INSERT INTO PROFESOR (PROFESOR_ID   ,NOMBRE         ,AP_PATERNO     ,AP_MATERNO     ,RFC                ,CEDULA_PROFESIONAL ,TIPO_PROFESOR      ,GRADO_ESTUDIOS_ID) VALUES 
                       (PROFESOR_SEQ.NEXTVAL ,  'ROBERTO'       ,'ARANBUL'      ,'MARCIAL'      ,'ARMA704532G45'    ,8038941            ,'A'                ,1);
  INSERT INTO PROFESOR (PROFESOR_ID   ,NOMBRE         ,AP_PATERNO     ,AP_MATERNO     ,RFC                ,CEDULA_PROFESIONAL ,TIPO_PROFESOR      ,GRADO_ESTUDIOS_ID) VALUES 
                       (PROFESOR_SEQ.NEXTVAL,  'HECTOR'        ,'HERNANDEZ'    ,'RAMIREZ'      ,'HERA704532G45'    ,2384973            ,'A'                ,3);

--CARGAS DE PROFESR ADMINISTRADOR
  INSERT INTO PROFESOR_ADMINISTRADOR (PROFESOR_ID,PUESTO_ID) VALUES (1,1);
  INSERT INTO PROFESOR_ADMINISTRADOR (PROFESOR_ID,PUESTO_ID) VALUES (2,2);
 
--CARGAS DE PROFESOR CARRERA
  INSERT INTO PROFESOR_CARRERA (PROFESOR_ID) VALUES (3);
  INSERT INTO PROFESOR_CARRERA (PROFESOR_ID) VALUES (4);

--CARGAS DE PROFESOR ASIGNATURA
  INSERT INTO PROFESOR_ASIGNATURA (PROFESOR_ID,NUM_CONTRATO,FECHA_INICIO_CONTRATO              ,FECHA_FIN_CONTRATO                 ,NUM_VECES_SINODAL) VALUES
                                  (5          ,1234562338  ,TO_DATE('2010-01-01','YYYY-MM-DD') ,TO_DATE('2020-01-01','YYYY-MM-DD') ,5);
  INSERT INTO PROFESOR_ASIGNATURA (PROFESOR_ID,NUM_CONTRATO,FECHA_INICIO_CONTRATO              ,FECHA_FIN_CONTRATO                 ,NUM_VECES_SINODAL) VALUES
                                  (6          ,3456823462  ,TO_DATE('2012-01-01','YYYY-MM-DD') ,TO_DATE('2022-01-01','YYYY-MM-DD') ,2);
  INSERT INTO PROFESOR_ASIGNATURA (PROFESOR_ID,NUM_CONTRATO,FECHA_INICIO_CONTRATO              ,FECHA_FIN_CONTRATO                 ,NUM_VECES_SINODAL) VALUES
                                  (7          ,2347652343  ,TO_DATE('2015-01-01','YYYY-MM-DD') ,TO_DATE('2025-01-01','YYYY-MM-DD') ,8);
  INSERT INTO PROFESOR_ASIGNATURA (PROFESOR_ID,NUM_CONTRATO,FECHA_INICIO_CONTRATO              ,FECHA_FIN_CONTRATO                 ,NUM_VECES_SINODAL) VALUES
                                  (8          ,5665652109  ,TO_DATE('2013-01-01','YYYY-MM-DD') ,TO_DATE('2024-01-01','YYYY-MM-DD') ,2);
  INSERT INTO PROFESOR_ASIGNATURA (PROFESOR_ID,NUM_CONTRATO,FECHA_INICIO_CONTRATO              ,FECHA_FIN_CONTRATO                 ,NUM_VECES_SINODAL) VALUES
                                  (9          ,1240132348  ,TO_DATE('2015-01-01','YYYY-MM-DD') ,TO_DATE('2025-01-01','YYYY-MM-DD') ,1);

--CARGAS DE ESPECIALIDAD
  INSERT INTO ESPECIALIDAD(ESPECIALIDAD_ID    ,PROFESOR_CARRERA_ID,GRADO_ESTUDIOS_ID  ,DESCRIPCION) VALUES
                          (ESPECIALIDAD_SEQ.NEXTVAL         ,3                  ,1                  ,'INGENIEIA EN COMPUTACION');
  INSERT INTO ESPECIALIDAD(ESPECIALIDAD_ID    ,PROFESOR_CARRERA_ID,GRADO_ESTUDIOS_ID  ,DESCRIPCION) VALUES
                          (ESPECIALIDAD_SEQ.NEXTVAL         ,3                  ,2                  ,'CIENCIAS DE LA COMPUTACION');
  INSERT INTO ESPECIALIDAD(ESPECIALIDAD_ID    ,PROFESOR_CARRERA_ID,GRADO_ESTUDIOS_ID  ,DESCRIPCION) VALUES
                          (ESPECIALIDAD_SEQ.NEXTVAL         ,3                  ,3                  ,'CIENCIAS DE LA COMPLEJIDAD');                       
  INSERT INTO ESPECIALIDAD(ESPECIALIDAD_ID    ,PROFESOR_CARRERA_ID,GRADO_ESTUDIOS_ID  ,DESCRIPCION) VALUES
                          (ESPECIALIDAD_SEQ.NEXTVAL         ,4                  ,1                  ,'LIC EN MATEMATICAS');
  INSERT INTO ESPECIALIDAD(ESPECIALIDAD_ID    ,PROFESOR_CARRERA_ID,GRADO_ESTUDIOS_ID  ,DESCRIPCION) VALUES
                          (ESPECIALIDAD_SEQ.NEXTVAL         ,4                  ,2                  ,'GEOMETRIA NO ECLIDIANA'); 

--CARGAS DE CARRERA (CATALOGO DE BASE)
  INSERT INTO CARRERA (CARRERA_ID,NOMBRE,CLAVE,DESCRIPCION) VALUES (CARRERA_SEQ.NEXTVAL,'INGENIERIA EN COMPUTACION',001,'LA CARRERA DE INGENIERO EN COMPUTACIÓN TIENE COMO OBJETIVO FORMAR PROFESIONALES CAPACES DE PLANEAR, DISEÑAR, ORGANIZAR, PRODUCIR, OPERAR Y DAR SOPORTE TÉCNICO A LOS SISTEMAS ELECTRÓNICOS PARA EL PROCESAMIENTO DE DATOS, A LOS SISTEMAS DE PROGRAMACIÓN -DE BASE Y DE APLICACIÓN DEL EQUIPO DE CÓMPUTO-, ASÍ COMO EFECTUAR EL CONTROL DIGITAL DE PROCESOS AUTOMÁTICOS.');
  INSERT INTO CARRERA (CARRERA_ID,NOMBRE,CLAVE,DESCRIPCION) VALUES (CARRERA_SEQ.NEXTVAL,'INGENIERIA ELECTRICA',002,'LA CARRERA DE INGENIERÍA ELÉCTRICA ELECTRÓNICA TIENE COMO OBJETIVO FORMAR PROFESIONISTAS QUE UTILIZAN LAS CIENCIAS FÍSICAS, QUÍMICAS Y MATEMÁTICAS, ASÍ COMO TÉCNICAS DE INGENIERÍA, ECONOMÍA, COMPUTACIÓN Y ADMINISTRACIÓN PARA TRANSFORMAR LA NATURALEZA MEDIANTE DISPOSITIVOS MECÁNICOS, ELÉCTRICOS Y ELECTRÓNICOS EN BENEFICIO DE LA SOCIEDAD.');
  INSERT INTO CARRERA (CARRERA_ID,NOMBRE,CLAVE,DESCRIPCION) VALUES (CARRERA_SEQ.NEXTVAL,'INGENIERIA EN TELECOMUNICACIONES',003,'EL INGENIERO EN TELECOMUNICACIONES ES EL PROFESIONISTA QUE APLICA CONOCIMIENTOS DE LAS CIENCIAS BÁSICAS - FÍSICA Y MATEMÁTICAS-, ASÍ COMO LOS CORRESPONDIENTES A SEÑALES, SISTEMAS, ELECTRÓNICA Y COMPUTACIÓN PARA ANALIZAR, DISEÑAR, PLANEAR, ORGANIZAR, PRODUCIR, INSTALAR, DESARROLLAR, ADEMÁS DE MANTENER EN OPERACIÓN Y ADMINISTRAR REDES Y SISTEMAS DE TELECOMUNICACIONES.');
  INSERT INTO CARRERA (CARRERA_ID,NOMBRE,CLAVE,DESCRIPCION) VALUES (CARRERA_SEQ.NEXTVAL,'INGENIERIA MECANICA',004,'LA CARRERA DE INGENIERÍA MECÁNICA FORMA PROFESIONALES QUE, MEDIANTE EL USO DE LA FÍSICA, LA QUÍMICA, LAS MATEMÁTICAS Y LAS TÉCNICAS DE INGENIERÍA, PROPORCIONAN A LA SOCIEDAD HERRAMIENTAS Y BIENES QUE LE PERMITEN APROVECHAR LOS RECURSOS NATURALES PARA SATISFACER LAS NECESIDADES MATERIALES, SOCIALES E INCLUSO INTELECTUALES DEL HOMBRE.');
  INSERT INTO CARRERA (CARRERA_ID,NOMBRE,CLAVE,DESCRIPCION) VALUES (CARRERA_SEQ.NEXTVAL,'INGENIERIA CIVIL',005,'EL INGENIERO CIVIL ES EL PROFESIONISTA QUE POSEE UNA FORMACIÓN MULTIDISCIPLINARIA CONFORMADA POR CONOCIMIENTOS GENERALES DE MATEMÁTICAS, FÍSICA, QUÍMICA; Y DE LAS ÁREAS ESPECÍFICAS DE LA DISCIPLINA, LOS QUE AUNADOS A LAS NOCIONES EN COMPUTACIÓN, COMUNICACIÓN GRÁFICA, INFORMÁTICA, ADMINISTRACIÓN Y EVALUACIÓN DE PROYECTOS.');

--CARGAS DE PLAN_ESTUDIOS_CARRERA (MANEJO DE M:M)
  INSERT INTO PLAN_ESTUDIOS_CARRERA (PLAN_ESTUDIOS_CARRERA_ID,CARRERA_ID,PLAN_ESTUDIOS_ID) VALUES  (PLAN_ESTUDIOS_SEQ.NEXTVAL,1,1);
  INSERT INTO PLAN_ESTUDIOS_CARRERA (PLAN_ESTUDIOS_CARRERA_ID,CARRERA_ID,PLAN_ESTUDIOS_ID) VALUES  (PLAN_ESTUDIOS_SEQ.NEXTVAL,1,2);
  INSERT INTO PLAN_ESTUDIOS_CARRERA (PLAN_ESTUDIOS_CARRERA_ID,CARRERA_ID,PLAN_ESTUDIOS_ID) VALUES  (PLAN_ESTUDIOS_SEQ.NEXTVAL,1,3);
  INSERT INTO PLAN_ESTUDIOS_CARRERA (PLAN_ESTUDIOS_CARRERA_ID,CARRERA_ID,PLAN_ESTUDIOS_ID) VALUES  (PLAN_ESTUDIOS_SEQ.NEXTVAL,1,4);
  INSERT INTO PLAN_ESTUDIOS_CARRERA (PLAN_ESTUDIOS_CARRERA_ID,CARRERA_ID,PLAN_ESTUDIOS_ID) VALUES  (PLAN_ESTUDIOS_SEQ.NEXTVAL,2,1);
  INSERT INTO PLAN_ESTUDIOS_CARRERA (PLAN_ESTUDIOS_CARRERA_ID,CARRERA_ID,PLAN_ESTUDIOS_ID) VALUES  (PLAN_ESTUDIOS_SEQ.NEXTVAL,2,2);
  INSERT INTO PLAN_ESTUDIOS_CARRERA (PLAN_ESTUDIOS_CARRERA_ID,CARRERA_ID,PLAN_ESTUDIOS_ID) VALUES  (PLAN_ESTUDIOS_SEQ.NEXTVAL,2,3);
  INSERT INTO PLAN_ESTUDIOS_CARRERA (PLAN_ESTUDIOS_CARRERA_ID,CARRERA_ID,PLAN_ESTUDIOS_ID) VALUES  (PLAN_ESTUDIOS_SEQ.NEXTVAL,2,4);
  INSERT INTO PLAN_ESTUDIOS_CARRERA (PLAN_ESTUDIOS_CARRERA_ID,CARRERA_ID,PLAN_ESTUDIOS_ID) VALUES  (PLAN_ESTUDIOS_SEQ.NEXTVAL,3,1);
  INSERT INTO PLAN_ESTUDIOS_CARRERA (PLAN_ESTUDIOS_CARRERA_ID,CARRERA_ID,PLAN_ESTUDIOS_ID) VALUES  (PLAN_ESTUDIOS_SEQ.NEXTVAL,3,2);
  INSERT INTO PLAN_ESTUDIOS_CARRERA (PLAN_ESTUDIOS_CARRERA_ID,CARRERA_ID,PLAN_ESTUDIOS_ID) VALUES  (PLAN_ESTUDIOS_SEQ.NEXTVAL,3,3);
  INSERT INTO PLAN_ESTUDIOS_CARRERA (PLAN_ESTUDIOS_CARRERA_ID,CARRERA_ID,PLAN_ESTUDIOS_ID) VALUES  (PLAN_ESTUDIOS_SEQ.NEXTVAL,3,4);
  INSERT INTO PLAN_ESTUDIOS_CARRERA (PLAN_ESTUDIOS_CARRERA_ID,CARRERA_ID,PLAN_ESTUDIOS_ID) VALUES  (PLAN_ESTUDIOS_SEQ.NEXTVAL,4,1);
  INSERT INTO PLAN_ESTUDIOS_CARRERA (PLAN_ESTUDIOS_CARRERA_ID,CARRERA_ID,PLAN_ESTUDIOS_ID) VALUES  (PLAN_ESTUDIOS_SEQ.NEXTVAL,4,2);
  INSERT INTO PLAN_ESTUDIOS_CARRERA (PLAN_ESTUDIOS_CARRERA_ID,CARRERA_ID,PLAN_ESTUDIOS_ID) VALUES  (PLAN_ESTUDIOS_SEQ.NEXTVAL,4,3);
  INSERT INTO PLAN_ESTUDIOS_CARRERA (PLAN_ESTUDIOS_CARRERA_ID,CARRERA_ID,PLAN_ESTUDIOS_ID) VALUES  (PLAN_ESTUDIOS_SEQ.NEXTVAL,4,4);

--CARGAS DE ASIGNATURA
  --PLAN DE ESTUDIOS PL-2010--
  INSERT INTO ASIGNATURA  (ASIGNATURA_ID  ,CLAVE  ,NOMBRE     ,SEMESTRE_CURSAR    ,CREDITOS ,PLAN_ESTUDIOS_ID   ,ASIGNATURA_ANTECEDENTE ,SEMESTRE_IMPARTICION) VALUES 
                          (ASIGNATURA_SEQ.NEXTVAL              ,1      ,'ALGEBRA'  ,1                  ,8       ,3                  ,NULL                   ,NULL);
  INSERT INTO ASIGNATURA  (ASIGNATURA_ID  ,CLAVE  ,NOMBRE           ,SEMESTRE_CURSAR  ,CREDITOS ,PLAN_ESTUDIOS_ID   ,ASIGNATURA_ANTECEDENTE ,SEMESTRE_IMPARTICION) VALUES 
                          (ASIGNATURA_SEQ.NEXTVAL              ,2      ,'ALGEBRA LINEAL' ,2                ,8       ,3                  ,NULL                   ,NULL);
  INSERT INTO ASIGNATURA  (ASIGNATURA_ID  ,CLAVE  ,NOMBRE                           ,SEMESTRE_CURSAR    ,CREDITOS ,PLAN_ESTUDIOS_ID   ,ASIGNATURA_ANTECEDENTE   ,SEMESTRE_IMPARTICION) VALUES 
                          (ASIGNATURA_SEQ.NEXTVAL              ,3      ,'LENGUAJES FORMALES Y AUTOMATAS' ,5                  ,8        ,3                  ,NULL                     ,5);
  INSERT INTO ASIGNATURA  (ASIGNATURA_ID  ,CLAVE  ,NOMBRE               ,SEMESTRE_CURSAR    ,CREDITOS ,PLAN_ESTUDIOS_ID   ,ASIGNATURA_ANTECEDENTE ,SEMESTRE_IMPARTICION) VALUES 
                          (ASIGNATURA_SEQ.NEXTVAL              ,4      ,'SISTEMAS OPERATIVOS' ,6                  ,8        ,3                  ,3                      ,6);
  --PLAN DE ESTUDIOS PL-2010--
  INSERT INTO ASIGNATURA  (ASIGNATURA_ID  ,CLAVE  ,NOMBRE     ,SEMESTRE_CURSAR    ,CREDITOS ,PLAN_ESTUDIOS_ID   ,ASIGNATURA_ANTECEDENTE ,SEMESTRE_IMPARTICION) VALUES 
                          (ASIGNATURA_SEQ.NEXTVAL              ,5      ,'ALGEBRA'  ,1                  ,8       ,4                  ,NULL                   ,NULL);
  INSERT INTO ASIGNATURA  (ASIGNATURA_ID  ,CLAVE  ,NOMBRE           ,SEMESTRE_CURSAR  ,CREDITOS ,PLAN_ESTUDIOS_ID   ,ASIGNATURA_ANTECEDENTE ,SEMESTRE_IMPARTICION) VALUES 
                          (ASIGNATURA_SEQ.NEXTVAL              ,6      ,'ALGEBRA LINEAL' ,2                ,8       ,4                  ,NULL                   ,NULL);
  INSERT INTO ASIGNATURA  (ASIGNATURA_ID  ,CLAVE  ,NOMBRE                           ,SEMESTRE_CURSAR    ,CREDITOS ,PLAN_ESTUDIOS_ID   ,ASIGNATURA_ANTECEDENTE   ,SEMESTRE_IMPARTICION) VALUES 
                          (ASIGNATURA_SEQ.NEXTVAL              ,7      ,'LENGUAJES FORMALES Y AUTOMATAS' ,5                  ,8        ,4                  ,NULL                     ,5);
  INSERT INTO ASIGNATURA  (ASIGNATURA_ID  ,CLAVE  ,NOMBRE               ,SEMESTRE_CURSAR    ,CREDITOS ,PLAN_ESTUDIOS_ID   ,ASIGNATURA_ANTECEDENTE ,SEMESTRE_IMPARTICION) VALUES 
                          (ASIGNATURA_SEQ.NEXTVAL              ,8      ,'SISTEMAS OPERATIVOS' ,6                  ,8        ,4                  ,7                      ,6);

--CARGAS DE CURSO
  INSERT INTO CURSO (CURSO_ID, NUM_GRUPO,ASIGNATURA_ID,PROFESOR_ID) VALUES (CURSO_SEQ.NEXTVAL,1,1,1); 
  INSERT INTO CURSO (CURSO_ID, NUM_GRUPO,ASIGNATURA_ID,PROFESOR_ID) VALUES (CURSO_SEQ.NEXTVAL,2,1,1); 
  INSERT INTO CURSO (CURSO_ID, NUM_GRUPO,ASIGNATURA_ID,PROFESOR_ID) VALUES (CURSO_SEQ.NEXTVAL,1,2,2); 
  INSERT INTO CURSO (CURSO_ID, NUM_GRUPO,ASIGNATURA_ID,PROFESOR_ID) VALUES (CURSO_SEQ.NEXTVAL,2,2,2); 
  INSERT INTO CURSO (CURSO_ID, NUM_GRUPO,ASIGNATURA_ID,PROFESOR_ID) VALUES (CURSO_SEQ.NEXTVAL,1,3,3); 
  INSERT INTO CURSO (CURSO_ID, NUM_GRUPO,ASIGNATURA_ID,PROFESOR_ID) VALUES (CURSO_SEQ.NEXTVAL,2,3,3); 
  INSERT INTO CURSO (CURSO_ID, NUM_GRUPO,ASIGNATURA_ID,PROFESOR_ID) VALUES (CURSO_SEQ.NEXTVAL,1,4,4); 
  INSERT INTO CURSO (CURSO_ID, NUM_GRUPO,ASIGNATURA_ID,PROFESOR_ID) VALUES (CURSO_SEQ.NEXTVAL,2,4,4); 
  INSERT INTO CURSO (CURSO_ID, NUM_GRUPO,ASIGNATURA_ID,PROFESOR_ID) VALUES (CURSO_SEQ.NEXTVAL,1,5,5); 
  INSERT INTO CURSO (CURSO_ID, NUM_GRUPO,ASIGNATURA_ID,PROFESOR_ID) VALUES (CURSO_SEQ.NEXTVAL,2,5,5); 
  INSERT INTO CURSO (CURSO_ID, NUM_GRUPO,ASIGNATURA_ID,PROFESOR_ID) VALUES (CURSO_SEQ.NEXTVAL,1,6,6); 
  INSERT INTO CURSO (CURSO_ID, NUM_GRUPO,ASIGNATURA_ID,PROFESOR_ID) VALUES (CURSO_SEQ.NEXTVAL,2,6,6);
  INSERT INTO CURSO (CURSO_ID, NUM_GRUPO,ASIGNATURA_ID,PROFESOR_ID) VALUES (CURSO_SEQ.NEXTVAL,1,7,7); 
  INSERT INTO CURSO (CURSO_ID, NUM_GRUPO,ASIGNATURA_ID,PROFESOR_ID) VALUES (CURSO_SEQ.NEXTVAL,2,7,7); 
  INSERT INTO CURSO (CURSO_ID, NUM_GRUPO,ASIGNATURA_ID,PROFESOR_ID) VALUES (CURSO_SEQ.NEXTVAL,1,8,8);  
  INSERT INTO CURSO (CURSO_ID, NUM_GRUPO,ASIGNATURA_ID,PROFESOR_ID) VALUES (CURSO_SEQ.NEXTVAL,2,8,8); 

--CARGAS DE CURSO_HORARIO (MANEJO DE M:M)
  INSERT INTO CURSO_HORARIO (CURSO_HORARIO_ID,HORARIO_ID,CURSO_ID) VALUES (CURSO_HORARIO_SEQ.NEXTVAL,1 ,1 );
  INSERT INTO CURSO_HORARIO (CURSO_HORARIO_ID,HORARIO_ID,CURSO_ID) VALUES (CURSO_HORARIO_SEQ.NEXTVAL,2 ,1 );
  INSERT INTO CURSO_HORARIO (CURSO_HORARIO_ID,HORARIO_ID,CURSO_ID) VALUES (CURSO_HORARIO_SEQ.NEXTVAL,3 ,2 );
  INSERT INTO CURSO_HORARIO (CURSO_HORARIO_ID,HORARIO_ID,CURSO_ID) VALUES (CURSO_HORARIO_SEQ.NEXTVAL,4 ,2 );
  INSERT INTO CURSO_HORARIO (CURSO_HORARIO_ID,HORARIO_ID,CURSO_ID) VALUES (CURSO_HORARIO_SEQ.NEXTVAL,5 ,3 );
  INSERT INTO CURSO_HORARIO (CURSO_HORARIO_ID,HORARIO_ID,CURSO_ID) VALUES (CURSO_HORARIO_SEQ.NEXTVAL,6 ,3 );
  INSERT INTO CURSO_HORARIO (CURSO_HORARIO_ID,HORARIO_ID,CURSO_ID) VALUES (CURSO_HORARIO_SEQ.NEXTVAL,7 ,4 );
  INSERT INTO CURSO_HORARIO (CURSO_HORARIO_ID,HORARIO_ID,CURSO_ID) VALUES (CURSO_HORARIO_SEQ.NEXTVAL,8 ,4 );
  INSERT INTO CURSO_HORARIO (CURSO_HORARIO_ID,HORARIO_ID,CURSO_ID) VALUES (CURSO_HORARIO_SEQ.NEXTVAL,9 ,5 );
  INSERT INTO CURSO_HORARIO (CURSO_HORARIO_ID,HORARIO_ID,CURSO_ID) VALUES (CURSO_HORARIO_SEQ.NEXTVAL,10,5 );
  INSERT INTO CURSO_HORARIO (CURSO_HORARIO_ID,HORARIO_ID,CURSO_ID) VALUES (CURSO_HORARIO_SEQ.NEXTVAL,11,6 );
  INSERT INTO CURSO_HORARIO (CURSO_HORARIO_ID,HORARIO_ID,CURSO_ID) VALUES (CURSO_HORARIO_SEQ.NEXTVAL,12,6 );
  INSERT INTO CURSO_HORARIO (CURSO_HORARIO_ID,HORARIO_ID,CURSO_ID) VALUES (CURSO_HORARIO_SEQ.NEXTVAL,13,7 );
  INSERT INTO CURSO_HORARIO (CURSO_HORARIO_ID,HORARIO_ID,CURSO_ID) VALUES (CURSO_HORARIO_SEQ.NEXTVAL,14,7 );
  INSERT INTO CURSO_HORARIO (CURSO_HORARIO_ID,HORARIO_ID,CURSO_ID) VALUES (CURSO_HORARIO_SEQ.NEXTVAL,15,8 );
  INSERT INTO CURSO_HORARIO (CURSO_HORARIO_ID,HORARIO_ID,CURSO_ID) VALUES (CURSO_HORARIO_SEQ.NEXTVAL,16,8 );
  INSERT INTO CURSO_HORARIO (CURSO_HORARIO_ID,HORARIO_ID,CURSO_ID) VALUES (CURSO_HORARIO_SEQ.NEXTVAL,1 ,9 );
  INSERT INTO CURSO_HORARIO (CURSO_HORARIO_ID,HORARIO_ID,CURSO_ID) VALUES (CURSO_HORARIO_SEQ.NEXTVAL,2 ,9 );
  INSERT INTO CURSO_HORARIO (CURSO_HORARIO_ID,HORARIO_ID,CURSO_ID) VALUES (CURSO_HORARIO_SEQ.NEXTVAL,3 ,10);
  INSERT INTO CURSO_HORARIO (CURSO_HORARIO_ID,HORARIO_ID,CURSO_ID) VALUES (CURSO_HORARIO_SEQ.NEXTVAL,4 ,10);
  INSERT INTO CURSO_HORARIO (CURSO_HORARIO_ID,HORARIO_ID,CURSO_ID) VALUES (CURSO_HORARIO_SEQ.NEXTVAL,5 ,11);
  INSERT INTO CURSO_HORARIO (CURSO_HORARIO_ID,HORARIO_ID,CURSO_ID) VALUES (CURSO_HORARIO_SEQ.NEXTVAL,6 ,11);
  INSERT INTO CURSO_HORARIO (CURSO_HORARIO_ID,HORARIO_ID,CURSO_ID) VALUES (CURSO_HORARIO_SEQ.NEXTVAL,7 ,12);
  INSERT INTO CURSO_HORARIO (CURSO_HORARIO_ID,HORARIO_ID,CURSO_ID) VALUES (CURSO_HORARIO_SEQ.NEXTVAL,8 ,12);
  INSERT INTO CURSO_HORARIO (CURSO_HORARIO_ID,HORARIO_ID,CURSO_ID) VALUES (CURSO_HORARIO_SEQ.NEXTVAL,9, 13);
  INSERT INTO CURSO_HORARIO (CURSO_HORARIO_ID,HORARIO_ID,CURSO_ID) VALUES (CURSO_HORARIO_SEQ.NEXTVAL,10,13);
  INSERT INTO CURSO_HORARIO (CURSO_HORARIO_ID,HORARIO_ID,CURSO_ID) VALUES (CURSO_HORARIO_SEQ.NEXTVAL,11,14);
  INSERT INTO CURSO_HORARIO (CURSO_HORARIO_ID,HORARIO_ID,CURSO_ID) VALUES (CURSO_HORARIO_SEQ.NEXTVAL,12,14);
  INSERT INTO CURSO_HORARIO (CURSO_HORARIO_ID,HORARIO_ID,CURSO_ID) VALUES (CURSO_HORARIO_SEQ.NEXTVAL,13,15);
  INSERT INTO CURSO_HORARIO (CURSO_HORARIO_ID,HORARIO_ID,CURSO_ID) VALUES (CURSO_HORARIO_SEQ.NEXTVAL,14,15);
  INSERT INTO CURSO_HORARIO (CURSO_HORARIO_ID,HORARIO_ID,CURSO_ID) VALUES (CURSO_HORARIO_SEQ.NEXTVAL,15,16);
  INSERT INTO CURSO_HORARIO (CURSO_HORARIO_ID,HORARIO_ID,CURSO_ID) VALUES (CURSO_HORARIO_SEQ.NEXTVAL,16,16);

--CARGAS DE CURSO_SEMESTRE (MANEJO DE M:M)
  INSERT INTO CURSO_SEMESTRE (CURSO_SEMESTRE_ID,SEMESTRE_ID,CURSO_ID) VALUES (CURSO_SEMESTRE_SEQ.NEXTVAL,12,1 );
  INSERT INTO CURSO_SEMESTRE (CURSO_SEMESTRE_ID,SEMESTRE_ID,CURSO_ID) VALUES (CURSO_SEMESTRE_SEQ.NEXTVAL,13,2 );
  INSERT INTO CURSO_SEMESTRE (CURSO_SEMESTRE_ID,SEMESTRE_ID,CURSO_ID) VALUES (CURSO_SEMESTRE_SEQ.NEXTVAL,12,3 );
  INSERT INTO CURSO_SEMESTRE (CURSO_SEMESTRE_ID,SEMESTRE_ID,CURSO_ID) VALUES (CURSO_SEMESTRE_SEQ.NEXTVAL,13,4 );
  INSERT INTO CURSO_SEMESTRE (CURSO_SEMESTRE_ID,SEMESTRE_ID,CURSO_ID) VALUES (CURSO_SEMESTRE_SEQ.NEXTVAL,12,5 );
  INSERT INTO CURSO_SEMESTRE (CURSO_SEMESTRE_ID,SEMESTRE_ID,CURSO_ID) VALUES (CURSO_SEMESTRE_SEQ.NEXTVAL,13,6 );
  INSERT INTO CURSO_SEMESTRE (CURSO_SEMESTRE_ID,SEMESTRE_ID,CURSO_ID) VALUES (CURSO_SEMESTRE_SEQ.NEXTVAL,12,7 );
  INSERT INTO CURSO_SEMESTRE (CURSO_SEMESTRE_ID,SEMESTRE_ID,CURSO_ID) VALUES (CURSO_SEMESTRE_SEQ.NEXTVAL,13,8 );
  INSERT INTO CURSO_SEMESTRE (CURSO_SEMESTRE_ID,SEMESTRE_ID,CURSO_ID) VALUES (CURSO_SEMESTRE_SEQ.NEXTVAL,12,9 );
  INSERT INTO CURSO_SEMESTRE (CURSO_SEMESTRE_ID,SEMESTRE_ID,CURSO_ID) VALUES (CURSO_SEMESTRE_SEQ.NEXTVAL,13,10);
  INSERT INTO CURSO_SEMESTRE (CURSO_SEMESTRE_ID,SEMESTRE_ID,CURSO_ID) VALUES (CURSO_SEMESTRE_SEQ.NEXTVAL,12,11);
  INSERT INTO CURSO_SEMESTRE (CURSO_SEMESTRE_ID,SEMESTRE_ID,CURSO_ID) VALUES (CURSO_SEMESTRE_SEQ.NEXTVAL,13,12);
  INSERT INTO CURSO_SEMESTRE (CURSO_SEMESTRE_ID,SEMESTRE_ID,CURSO_ID) VALUES (CURSO_SEMESTRE_SEQ.NEXTVAL,12,13);
  INSERT INTO CURSO_SEMESTRE (CURSO_SEMESTRE_ID,SEMESTRE_ID,CURSO_ID) VALUES (CURSO_SEMESTRE_SEQ.NEXTVAL,13,14);
  INSERT INTO CURSO_SEMESTRE (CURSO_SEMESTRE_ID,SEMESTRE_ID,CURSO_ID) VALUES (CURSO_SEMESTRE_SEQ.NEXTVAL,12,15);
  INSERT INTO CURSO_SEMESTRE (CURSO_SEMESTRE_ID,SEMESTRE_ID,CURSO_ID) VALUES (CURSO_SEMESTRE_SEQ.NEXTVAL,13,16);

--CARGAS DE TESIS
  INSERT INTO TESIS(TESIS_ID  ,NOMBRE                         ,FECHA_REGISTRO                    ,OBJETIVO,                                          PDF  ,STATUS_TESIS_ID,DIRECTOR_TESIS_ID) VALUES
                  (TESIS_SEQ.NEXTVAL          ,'BIG DATA Y TEORIA DEL CAOS'   ,TO_DATE('2016-05-03','YYYY-MM-DD'),'APLICACIONES PRÁCTICAS SOBRE EL ESTUDIO DEL CAOS',NULL ,5,             3);
  INSERT INTO TESIS(TESIS_ID  ,NOMBRE                         ,FECHA_REGISTRO                    ,OBJETIVO,                                          PDF  ,STATUS_TESIS_ID,DIRECTOR_TESIS_ID) VALUES
                  (TESIS_SEQ.NEXTVAL          ,'TECNICAS DE CIMENTACION'      ,TO_DATE('2018-11-25','YYYY-MM-DD'),'NO SOY CIVIL'                                      ,NULL,1,            NULL);
  
--CARGAS DE HISTORICO DE TESIS 
  INSERT INTO TESIS_HISTORICO(TESIS_HISTORICO_ID  ,STATUS_TESIS_ID,TESIS_ID,FECHA_MODIFICAICON) VALUES
                            (TESIS_HIS_SEQ.NEXTVAL,1              ,1        ,TO_DATE('2016-05-03','YYYY-MM-DD'));
  
  INSERT INTO TESIS_HISTORICO(TESIS_HISTORICO_ID  ,STATUS_TESIS_ID,TESIS_ID,FECHA_MODIFICAICON) VALUES
                            (TESIS_HIS_SEQ.NEXTVAL,2              ,1        ,TO_DATE('2016-06-01','YYYY-MM-DD'));
  
  INSERT INTO TESIS_HISTORICO(TESIS_HISTORICO_ID  ,STATUS_TESIS_ID,TESIS_ID,FECHA_MODIFICAICON) VALUES
                            (TESIS_HIS_SEQ.NEXTVAL,3              ,1        ,TO_DATE('2016-11-03','YYYY-MM-DD'));
  INSERT INTO TESIS_HISTORICO(TESIS_HISTORICO_ID  ,STATUS_TESIS_ID,TESIS_ID,FECHA_MODIFICAICON) VALUES
                            (TESIS_HIS_SEQ.NEXTVAL,5              ,1        ,TO_DATE('2017-02-20','YYYY-MM-DD'));
  INSERT INTO TESIS_HISTORICO(TESIS_HISTORICO_ID  ,STATUS_TESIS_ID,TESIS_ID,FECHA_MODIFICAICON) VALUES
                            (TESIS_HIS_SEQ.NEXTVAL,1              ,2       ,TO_DATE('2018-11-25','YYYY-MM-DD'));

--CARGAS DE TESIS_SINODAL (MANEJO DE M:M)
  INSERT INTO TESIS_SINODAL (TESIS_SINODAL_ID,TESIS_ID,SINODAL_ID) VALUES (TESIS_SINODAL_SEQ.NEXTVAL,1,5);
  INSERT INTO TESIS_SINODAL (TESIS_SINODAL_ID,TESIS_ID,SINODAL_ID) VALUES (TESIS_SINODAL_SEQ.NEXTVAL,1,6);
  INSERT INTO TESIS_SINODAL (TESIS_SINODAL_ID,TESIS_ID,SINODAL_ID) VALUES (TESIS_SINODAL_SEQ.NEXTVAL,1,7);
  INSERT INTO TESIS_SINODAL (TESIS_SINODAL_ID,TESIS_ID,SINODAL_ID) VALUES (TESIS_SINODAL_SEQ.NEXTVAL,1,8);
  INSERT INTO TESIS_SINODAL (TESIS_SINODAL_ID,TESIS_ID,SINODAL_ID) VALUES (TESIS_SINODAL_SEQ.NEXTVAL,1,9);
  
--CARGAS DE ESTUDIANTE
  INSERT INTO ESTUDIANTE (ESTUDIANTE_ID, NOMBRE, AP_PATERNO, AP_MATERNO, FOTOGRAFIA, FECHA_NACIMIENTO, NUMERO_CUENTA, CEDULA_PROFESIONAL, TESIS_ID, CARRERA_ID, PLAN_ESTUDIOS_ID) VALUES (ESTUDIANTE_SEQ.NEXTVAL, 'CARIN', 'SCORTON', 'LEWTON',  NULL, TO_DATE('4-21-1996','MM-DD-YYYY')       ,'1234567890', 3398549 ,1  ,1   ,3);
  INSERT INTO ESTUDIANTE (ESTUDIANTE_ID, NOMBRE, AP_PATERNO, AP_MATERNO, FOTOGRAFIA, FECHA_NACIMIENTO, NUMERO_CUENTA, CEDULA_PROFESIONAL, TESIS_ID, CARRERA_ID, PLAN_ESTUDIOS_ID) VALUES (ESTUDIANTE_SEQ.NEXTVAL, 'TORIN', 'JENDRICH', 'FAIRES', NULL, TO_DATE('8-1-1996','MM-DD-YYYY')        ,'7289342890', 4038548 ,1  ,1   ,3);
  INSERT INTO ESTUDIANTE (ESTUDIANTE_ID, NOMBRE, AP_PATERNO, AP_MATERNO, FOTOGRAFIA, FECHA_NACIMIENTO, NUMERO_CUENTA, CEDULA_PROFESIONAL, TESIS_ID, CARRERA_ID, PLAN_ESTUDIOS_ID) VALUES (ESTUDIANTE_SEQ.NEXTVAL, 'MOE', 'GORGES', 'BUDNIK',   NULL, TO_DATE('11-7-1996','MM-DD-YYYY')         ,'3029485789', 3495893 ,1  ,1   ,3);
  INSERT INTO ESTUDIANTE (ESTUDIANTE_ID, NOMBRE, AP_PATERNO, AP_MATERNO, FOTOGRAFIA, FECHA_NACIMIENTO, NUMERO_CUENTA, CEDULA_PROFESIONAL, TESIS_ID, CARRERA_ID, PLAN_ESTUDIOS_ID) VALUES (ESTUDIANTE_SEQ.NEXTVAL, 'CHERILYN', 'TOWHEY', 'BISSILL', NULL, TO_DATE('12-14-1998','MM-DD-YYYY')    ,'0198457938', NULL    ,2  ,4   ,3);
  INSERT INTO ESTUDIANTE (ESTUDIANTE_ID, NOMBRE, AP_PATERNO, AP_MATERNO, FOTOGRAFIA, FECHA_NACIMIENTO, NUMERO_CUENTA, CEDULA_PROFESIONAL, TESIS_ID, CARRERA_ID, PLAN_ESTUDIOS_ID) VALUES (ESTUDIANTE_SEQ.NEXTVAL, 'BEATRISA', 'VALDER', 'BURCH', NULL, TO_DATE('10-9-1997','MM-DD-YYYY')       ,'3824793498', NULL    ,2  ,4   ,3);
  INSERT INTO ESTUDIANTE (ESTUDIANTE_ID, NOMBRE, AP_PATERNO, AP_MATERNO, FOTOGRAFIA, FECHA_NACIMIENTO, NUMERO_CUENTA, CEDULA_PROFESIONAL, TESIS_ID, CARRERA_ID, PLAN_ESTUDIOS_ID) VALUES (ESTUDIANTE_SEQ.NEXTVAL, 'TERRYE', 'SWETT', 'KAISER', NULL, TO_DATE('6-4-1998','MM-DD-YYYY')          ,'3984783097', NULL    ,2  ,4   ,3);
  INSERT INTO ESTUDIANTE (ESTUDIANTE_ID, NOMBRE, AP_PATERNO, AP_MATERNO, FOTOGRAFIA, FECHA_NACIMIENTO, NUMERO_CUENTA, CEDULA_PROFESIONAL, TESIS_ID, CARRERA_ID, PLAN_ESTUDIOS_ID) VALUES (ESTUDIANTE_SEQ.NEXTVAL, 'BOIGIE', 'BRINKMAN', 'EBBETT', NULL, TO_DATE('10-14-1996','MM-DD-YYYY')     ,'0348872748', NULL   ,NULL,2   ,3);
  INSERT INTO ESTUDIANTE (ESTUDIANTE_ID, NOMBRE, AP_PATERNO, AP_MATERNO, FOTOGRAFIA, FECHA_NACIMIENTO, NUMERO_CUENTA, CEDULA_PROFESIONAL, TESIS_ID, CARRERA_ID, PLAN_ESTUDIOS_ID) VALUES (ESTUDIANTE_SEQ.NEXTVAL, 'MONTE', 'STAINSBY', 'MIKO', NULL, TO_DATE('4-14-1995','MM-DD-YYYY')         ,'9232752745', NULL   ,NULL,2   ,3);
  INSERT INTO ESTUDIANTE (ESTUDIANTE_ID, NOMBRE, AP_PATERNO, AP_MATERNO, FOTOGRAFIA, FECHA_NACIMIENTO, NUMERO_CUENTA, CEDULA_PROFESIONAL, TESIS_ID, CARRERA_ID, PLAN_ESTUDIOS_ID) VALUES (ESTUDIANTE_SEQ.NEXTVAL, 'WAIN', 'TERESA', 'BALWIN', NULL, TO_DATE('10-26-1996','MM-DD-YYYY')         ,'5782394878', NULL   ,NULL,2   ,3);
  INSERT INTO ESTUDIANTE (ESTUDIANTE_ID, NOMBRE, AP_PATERNO, AP_MATERNO, FOTOGRAFIA, FECHA_NACIMIENTO, NUMERO_CUENTA, CEDULA_PROFESIONAL, TESIS_ID, CARRERA_ID, PLAN_ESTUDIOS_ID) VALUES (ESTUDIANTE_SEQ.NEXTVAL, 'SAYRE', 'DILOWAY', 'STANYARD', NULL, TO_DATE('3-31-1995','MM-DD-YYYY')     ,'2984734889', NULL   ,NULL,2   ,3);
  INSERT INTO ESTUDIANTE (ESTUDIANTE_ID, NOMBRE, AP_PATERNO, AP_MATERNO, FOTOGRAFIA, FECHA_NACIMIENTO, NUMERO_CUENTA, CEDULA_PROFESIONAL, TESIS_ID, CARRERA_ID, PLAN_ESTUDIOS_ID) VALUES (ESTUDIANTE_SEQ.NEXTVAL, 'AGNELLA', 'BILFOOT', 'REINGER', NULL, TO_DATE('2-14-1995','MM-DD-YYYY')    ,'8439573780', NULL   ,NULL,3   ,3);
  INSERT INTO ESTUDIANTE (ESTUDIANTE_ID, NOMBRE, AP_PATERNO, AP_MATERNO, FOTOGRAFIA, FECHA_NACIMIENTO, NUMERO_CUENTA, CEDULA_PROFESIONAL, TESIS_ID, CARRERA_ID, PLAN_ESTUDIOS_ID) VALUES (ESTUDIANTE_SEQ.NEXTVAL, 'JANENE', 'GATCLIFF', 'COWTERD', NULL, TO_DATE('4-28-1995','MM-DD-YYYY')    ,'8329450198', NULL   ,NULL,3   ,3);
  INSERT INTO ESTUDIANTE (ESTUDIANTE_ID, NOMBRE, AP_PATERNO, AP_MATERNO, FOTOGRAFIA, FECHA_NACIMIENTO, NUMERO_CUENTA, CEDULA_PROFESIONAL, TESIS_ID, CARRERA_ID, PLAN_ESTUDIOS_ID) VALUES (ESTUDIANTE_SEQ.NEXTVAL, 'PAUL', 'BIAGINI', 'KLEEN', NULL, TO_DATE('7-10-1995','MM-DD-YYYY')         ,'0398520248', NULL   ,NULL,3   ,3);
  INSERT INTO ESTUDIANTE (ESTUDIANTE_ID, NOMBRE, AP_PATERNO, AP_MATERNO, FOTOGRAFIA, FECHA_NACIMIENTO, NUMERO_CUENTA, CEDULA_PROFESIONAL, TESIS_ID, CARRERA_ID, PLAN_ESTUDIOS_ID) VALUES (ESTUDIANTE_SEQ.NEXTVAL, 'NORINA', 'ESPIN', 'PRYDIE', NULL, TO_DATE('3-1-1996','MM-DD-YYYY')         ,'6537406989', NULL   ,NULL,3   ,3);
  INSERT INTO ESTUDIANTE (ESTUDIANTE_ID, NOMBRE, AP_PATERNO, AP_MATERNO, FOTOGRAFIA, FECHA_NACIMIENTO, NUMERO_CUENTA, CEDULA_PROFESIONAL, TESIS_ID, CARRERA_ID, PLAN_ESTUDIOS_ID) VALUES (ESTUDIANTE_SEQ.NEXTVAL, 'KERMIE', 'SANDERSON', 'LIDDEN', NULL, TO_DATE('12-4-1998','MM-DD-YYYY')    ,'4957436538', NULL   ,NULL,2   ,3);
  INSERT INTO ESTUDIANTE (ESTUDIANTE_ID, NOMBRE, AP_PATERNO, AP_MATERNO, FOTOGRAFIA, FECHA_NACIMIENTO, NUMERO_CUENTA, CEDULA_PROFESIONAL, TESIS_ID, CARRERA_ID, PLAN_ESTUDIOS_ID) VALUES (ESTUDIANTE_SEQ.NEXTVAL, 'KLARA', 'LUCIUS', NULL, NULL, TO_DATE('7-2-1998','MM-DD-YYYY')             ,'0386748789', NULL   ,NULL,3   ,3);
  INSERT INTO ESTUDIANTE (ESTUDIANTE_ID, NOMBRE, AP_PATERNO, AP_MATERNO, FOTOGRAFIA, FECHA_NACIMIENTO, NUMERO_CUENTA, CEDULA_PROFESIONAL, TESIS_ID, CARRERA_ID, PLAN_ESTUDIOS_ID) VALUES (ESTUDIANTE_SEQ.NEXTVAL, 'SHELBY', 'LEANDER', 'LONDSDALE', NULL, TO_DATE('12-20-1998','MM-DD-YYYY')  ,'0345745097', NULL   ,NULL,1   ,3);
  INSERT INTO ESTUDIANTE (ESTUDIANTE_ID, NOMBRE, AP_PATERNO, AP_MATERNO, FOTOGRAFIA, FECHA_NACIMIENTO, NUMERO_CUENTA, CEDULA_PROFESIONAL, TESIS_ID, CARRERA_ID, PLAN_ESTUDIOS_ID) VALUES (ESTUDIANTE_SEQ.NEXTVAL, 'MARNA', 'FOWGIES', 'ROTHERY', NULL, TO_DATE('10-6-1995','MM-DD-YYYY')      ,'0284573957', NULL   ,NULL,2   ,3);
  INSERT INTO ESTUDIANTE (ESTUDIANTE_ID, NOMBRE, AP_PATERNO, AP_MATERNO, FOTOGRAFIA, FECHA_NACIMIENTO, NUMERO_CUENTA, CEDULA_PROFESIONAL, TESIS_ID, CARRERA_ID, PLAN_ESTUDIOS_ID) VALUES (ESTUDIANTE_SEQ.NEXTVAL, 'MARSHAL', 'MALPAS', 'BRAMPTON', NULL, TO_DATE('11-13-1998','MM-DD-YYYY')   ,'3927045094', NULL   ,NULL,3   ,3);
  INSERT INTO ESTUDIANTE (ESTUDIANTE_ID, NOMBRE, AP_PATERNO, AP_MATERNO, FOTOGRAFIA, FECHA_NACIMIENTO, NUMERO_CUENTA, CEDULA_PROFESIONAL, TESIS_ID, CARRERA_ID, PLAN_ESTUDIOS_ID) VALUES (ESTUDIANTE_SEQ.NEXTVAL, 'YOSHI', 'JOHNIGAN', 'BATTRAM', NULL, TO_DATE('1-11-1997','MM-DD-YYYY')     ,'9385743490', NULL   ,NULL,4   ,3);
  INSERT INTO ESTUDIANTE (ESTUDIANTE_ID, NOMBRE, AP_PATERNO, AP_MATERNO, FOTOGRAFIA, FECHA_NACIMIENTO, NUMERO_CUENTA, CEDULA_PROFESIONAL, TESIS_ID, CARRERA_ID, PLAN_ESTUDIOS_ID) VALUES (ESTUDIANTE_SEQ.NEXTVAL, 'HEIDIE', 'RISEAM', 'BRANDRICK', NULL, TO_DATE('3-6-1998','MM-DD-YYYY')     ,'9203458202', NULL   ,NULL,1   ,3);
  INSERT INTO ESTUDIANTE (ESTUDIANTE_ID, NOMBRE, AP_PATERNO, AP_MATERNO, FOTOGRAFIA, FECHA_NACIMIENTO, NUMERO_CUENTA, CEDULA_PROFESIONAL, TESIS_ID, CARRERA_ID, PLAN_ESTUDIOS_ID) VALUES (ESTUDIANTE_SEQ.NEXTVAL, 'KARLOTTA', 'RISBOROUGH', 'LAISE', NULL, TO_DATE('7-21-1996','MM-DD-YYYY')  ,'3294002304', NULL   ,NULL,2   ,3);
  INSERT INTO ESTUDIANTE (ESTUDIANTE_ID, NOMBRE, AP_PATERNO, AP_MATERNO, FOTOGRAFIA, FECHA_NACIMIENTO, NUMERO_CUENTA, CEDULA_PROFESIONAL, TESIS_ID, CARRERA_ID, PLAN_ESTUDIOS_ID) VALUES (ESTUDIANTE_SEQ.NEXTVAL, 'CORRINNE', 'STEVENS', 'CLUETT', NULL, TO_DATE('7-23-1997','MM-DD-YYYY')    ,'3045398408', NULL   ,NULL,3   ,3);
  INSERT INTO ESTUDIANTE (ESTUDIANTE_ID, NOMBRE, AP_PATERNO, AP_MATERNO, FOTOGRAFIA, FECHA_NACIMIENTO, NUMERO_CUENTA, CEDULA_PROFESIONAL, TESIS_ID, CARRERA_ID, PLAN_ESTUDIOS_ID) VALUES (ESTUDIANTE_SEQ.NEXTVAL, 'ELLARY', 'DARCH', 'CHAMBERLEN', NULL, TO_DATE('7-12-1996','MM-DD-YYYY')    ,'3290405398', NULL   ,NULL,4   ,3);
  INSERT INTO ESTUDIANTE (ESTUDIANTE_ID, NOMBRE, AP_PATERNO, AP_MATERNO, FOTOGRAFIA, FECHA_NACIMIENTO, NUMERO_CUENTA, CEDULA_PROFESIONAL, TESIS_ID, CARRERA_ID, PLAN_ESTUDIOS_ID) VALUES (ESTUDIANTE_SEQ.NEXTVAL, 'DEBEE', 'JAKUBSKI', 'BEALES', NULL, TO_DATE('11-6-1995','MM-DD-YYYY')      ,'3204830954', NULL   ,NULL,2   ,3);
  INSERT INTO ESTUDIANTE (ESTUDIANTE_ID, NOMBRE, AP_PATERNO, AP_MATERNO, FOTOGRAFIA, FECHA_NACIMIENTO, NUMERO_CUENTA, CEDULA_PROFESIONAL, TESIS_ID, CARRERA_ID, PLAN_ESTUDIOS_ID) VALUES (ESTUDIANTE_SEQ.NEXTVAL, 'GUILBERT', 'BROXHOLME', 'KOEPPKE', NULL, TO_DATE('1-26-1995','MM-DD-YYYY') ,'3945749978', NULL   ,NULL,1   ,4);
  INSERT INTO ESTUDIANTE (ESTUDIANTE_ID, NOMBRE, AP_PATERNO, AP_MATERNO, FOTOGRAFIA, FECHA_NACIMIENTO, NUMERO_CUENTA, CEDULA_PROFESIONAL, TESIS_ID, CARRERA_ID, PLAN_ESTUDIOS_ID) VALUES (ESTUDIANTE_SEQ.NEXTVAL, 'ANTONINO', 'AVELING', 'SAFFILL', NULL, TO_DATE('8-31-1998','MM-DD-YYYY')   ,'2390479890', NULL   ,NULL,2   ,4);
  INSERT INTO ESTUDIANTE (ESTUDIANTE_ID, NOMBRE, AP_PATERNO, AP_MATERNO, FOTOGRAFIA, FECHA_NACIMIENTO, NUMERO_CUENTA, CEDULA_PROFESIONAL, TESIS_ID, CARRERA_ID, PLAN_ESTUDIOS_ID) VALUES (ESTUDIANTE_SEQ.NEXTVAL, 'MONROE', 'BAILLES', 'NESS', NULL, TO_DATE('5-15-1998','MM-DD-YYYY')        ,'1263487879', NULL   ,NULL,3   ,4);
  INSERT INTO ESTUDIANTE (ESTUDIANTE_ID, NOMBRE, AP_PATERNO, AP_MATERNO, FOTOGRAFIA, FECHA_NACIMIENTO, NUMERO_CUENTA, CEDULA_PROFESIONAL, TESIS_ID, CARRERA_ID, PLAN_ESTUDIOS_ID) VALUES (ESTUDIANTE_SEQ.NEXTVAL, 'ROSCOE', 'CODDINGTON', 'WARTERS', NULL, TO_DATE('9-7-1998','MM-DD-YYYY')   ,'2312345099', NULL   ,NULL,4   ,4);
  INSERT INTO ESTUDIANTE (ESTUDIANTE_ID, NOMBRE, AP_PATERNO, AP_MATERNO, FOTOGRAFIA, FECHA_NACIMIENTO, NUMERO_CUENTA, CEDULA_PROFESIONAL, TESIS_ID, CARRERA_ID, PLAN_ESTUDIOS_ID) VALUES (ESTUDIANTE_SEQ.NEXTVAL, 'SASHENKA', 'STOOK', 'SUSHAMS', NULL, TO_DATE('9-15-1995','MM-DD-YYYY')     ,'2390447897', NULL   ,NULL,1   ,4);
  INSERT INTO ESTUDIANTE (ESTUDIANTE_ID, NOMBRE, AP_PATERNO, AP_MATERNO, FOTOGRAFIA, FECHA_NACIMIENTO, NUMERO_CUENTA, CEDULA_PROFESIONAL, TESIS_ID, CARRERA_ID, PLAN_ESTUDIOS_ID) VALUES (ESTUDIANTE_SEQ.NEXTVAL, 'SAYRE', 'MCALLAN', NULL, NULL, TO_DATE('10-7-1995','MM-DD-YYYY')           ,'9284983493', NULL   ,NULL,2   ,4);
  INSERT INTO ESTUDIANTE (ESTUDIANTE_ID, NOMBRE, AP_PATERNO, AP_MATERNO, FOTOGRAFIA, FECHA_NACIMIENTO, NUMERO_CUENTA, CEDULA_PROFESIONAL, TESIS_ID, CARRERA_ID, PLAN_ESTUDIOS_ID) VALUES (ESTUDIANTE_SEQ.NEXTVAL, 'LYNN', 'MACKERLEY', 'IVASECHKO', NULL, TO_DATE('12-11-1997','MM-DD-YYYY')  ,'1293894389', NULL   ,NULL,3   ,4);
  INSERT INTO ESTUDIANTE (ESTUDIANTE_ID, NOMBRE, AP_PATERNO, AP_MATERNO, FOTOGRAFIA, FECHA_NACIMIENTO, NUMERO_CUENTA, CEDULA_PROFESIONAL, TESIS_ID, CARRERA_ID, PLAN_ESTUDIOS_ID) VALUES (ESTUDIANTE_SEQ.NEXTVAL, 'KASPER', 'ABEL', 'TRAYHORN', NULL, TO_DATE('9-5-1997','MM-DD-YYYY')        ,'3975981724', NULL   ,NULL,4   ,4);
  INSERT INTO ESTUDIANTE (ESTUDIANTE_ID, NOMBRE, AP_PATERNO, AP_MATERNO, FOTOGRAFIA, FECHA_NACIMIENTO, NUMERO_CUENTA, CEDULA_PROFESIONAL, TESIS_ID, CARRERA_ID, PLAN_ESTUDIOS_ID) VALUES (ESTUDIANTE_SEQ.NEXTVAL, 'GILLES', 'KENNINGHAM', 'GARARD', NULL, TO_DATE('10-7-1995','MM-DD-YYYY')   ,'0923428398', NULL   ,NULL,1   ,4);
  INSERT INTO ESTUDIANTE (ESTUDIANTE_ID, NOMBRE, AP_PATERNO, AP_MATERNO, FOTOGRAFIA, FECHA_NACIMIENTO, NUMERO_CUENTA, CEDULA_PROFESIONAL, TESIS_ID, CARRERA_ID, PLAN_ESTUDIOS_ID) VALUES (ESTUDIANTE_SEQ.NEXTVAL, 'MAURITS', 'BANNARD', 'SPILEMAN', NULL, TO_DATE('9-6-1996','MM-DD-YYYY')    ,'0234982340', NULL   ,NULL,2   ,4);
  INSERT INTO ESTUDIANTE (ESTUDIANTE_ID, NOMBRE, AP_PATERNO, AP_MATERNO, FOTOGRAFIA, FECHA_NACIMIENTO, NUMERO_CUENTA, CEDULA_PROFESIONAL, TESIS_ID, CARRERA_ID, PLAN_ESTUDIOS_ID) VALUES (ESTUDIANTE_SEQ.NEXTVAL, 'FULTON', 'DE LA SALLE', 'CASTEROT', NULL, TO_DATE('1-30-1997','MM-DD-YYYY'),'3485748938', NULL   ,NULL,3   ,4);
  INSERT INTO ESTUDIANTE (ESTUDIANTE_ID, NOMBRE, AP_PATERNO, AP_MATERNO, FOTOGRAFIA, FECHA_NACIMIENTO, NUMERO_CUENTA, CEDULA_PROFESIONAL, TESIS_ID, CARRERA_ID, PLAN_ESTUDIOS_ID) VALUES (ESTUDIANTE_SEQ.NEXTVAL, 'WILBERT', 'EATHORNE', 'IVY', NULL, TO_DATE('1-17-1996','MM-DD-YYYY')       ,'2398472398', NULL   ,NULL,4   ,4);
  INSERT INTO ESTUDIANTE (ESTUDIANTE_ID, NOMBRE, AP_PATERNO, AP_MATERNO, FOTOGRAFIA, FECHA_NACIMIENTO, NUMERO_CUENTA, CEDULA_PROFESIONAL, TESIS_ID, CARRERA_ID, PLAN_ESTUDIOS_ID) VALUES (ESTUDIANTE_SEQ.NEXTVAL, 'STERLING', 'ETRIDGE', 'KNILL', NULL, TO_DATE('10-8-1997','MM-DD-YYYY')     ,'9234872387', NULL   ,NULL,1   ,4);
  INSERT INTO ESTUDIANTE (ESTUDIANTE_ID, NOMBRE, AP_PATERNO, AP_MATERNO, FOTOGRAFIA, FECHA_NACIMIENTO, NUMERO_CUENTA, CEDULA_PROFESIONAL, TESIS_ID, CARRERA_ID, PLAN_ESTUDIOS_ID) VALUES (ESTUDIANTE_SEQ.NEXTVAL, 'TAMAR', 'MACIOCIA', 'TOMMASETTI', NULL, TO_DATE('5-3-1997','MM-DD-YYYY')   ,'9238472389', NULL   ,NULL,2   ,4);
  INSERT INTO ESTUDIANTE (ESTUDIANTE_ID, NOMBRE, AP_PATERNO, AP_MATERNO, FOTOGRAFIA, FECHA_NACIMIENTO, NUMERO_CUENTA, CEDULA_PROFESIONAL, TESIS_ID, CARRERA_ID, PLAN_ESTUDIOS_ID) VALUES (ESTUDIANTE_SEQ.NEXTVAL, 'FIONNA', 'MCCRAE', 'MACKERETH', NULL, TO_DATE('3-14-1996','MM-DD-YYYY')    ,'3956710892', NULL   ,NULL,3   ,4);
  INSERT INTO ESTUDIANTE (ESTUDIANTE_ID, NOMBRE, AP_PATERNO, AP_MATERNO, FOTOGRAFIA, FECHA_NACIMIENTO, NUMERO_CUENTA, CEDULA_PROFESIONAL, TESIS_ID, CARRERA_ID, PLAN_ESTUDIOS_ID) VALUES (ESTUDIANTE_SEQ.NEXTVAL, 'JARRET', 'GIERCKE', 'HUCK', NULL, TO_DATE('9-23-1997','MM-DD-YYYY')        ,'3495839890', NULL   ,NULL,4   ,4);
  INSERT INTO ESTUDIANTE (ESTUDIANTE_ID, NOMBRE, AP_PATERNO, AP_MATERNO, FOTOGRAFIA, FECHA_NACIMIENTO, NUMERO_CUENTA, CEDULA_PROFESIONAL, TESIS_ID, CARRERA_ID, PLAN_ESTUDIOS_ID) VALUES (ESTUDIANTE_SEQ.NEXTVAL, 'EOLANDE', 'PUTTNAM', 'ROBILLART', NULL, TO_DATE('5-29-1995','MM-DD-YYYY')  ,'2934723987', NULL   ,NULL,1   ,4);
  INSERT INTO ESTUDIANTE (ESTUDIANTE_ID, NOMBRE, AP_PATERNO, AP_MATERNO, FOTOGRAFIA, FECHA_NACIMIENTO, NUMERO_CUENTA, CEDULA_PROFESIONAL, TESIS_ID, CARRERA_ID, PLAN_ESTUDIOS_ID) VALUES (ESTUDIANTE_SEQ.NEXTVAL, 'SALVIDOR', 'PHILLIP', NULL, NULL, TO_DATE('5-30-1995','MM-DD-YYYY')        ,'2934827888', NULL   ,NULL,2   ,4);
  INSERT INTO ESTUDIANTE (ESTUDIANTE_ID, NOMBRE, AP_PATERNO, AP_MATERNO, FOTOGRAFIA, FECHA_NACIMIENTO, NUMERO_CUENTA, CEDULA_PROFESIONAL, TESIS_ID, CARRERA_ID, PLAN_ESTUDIOS_ID) VALUES (ESTUDIANTE_SEQ.NEXTVAL, 'CLAUDELL', 'CREAK', 'PIERUCCI', NULL, TO_DATE('5-28-1995','MM-DD-YYYY')    ,'2394232899', NULL   ,NULL,3   ,4);
  INSERT INTO ESTUDIANTE (ESTUDIANTE_ID, NOMBRE, AP_PATERNO, AP_MATERNO, FOTOGRAFIA, FECHA_NACIMIENTO, NUMERO_CUENTA, CEDULA_PROFESIONAL, TESIS_ID, CARRERA_ID, PLAN_ESTUDIOS_ID) VALUES (ESTUDIANTE_SEQ.NEXTVAL, 'ROSAMOND', 'BAFORD', 'CAPITANO', NULL, TO_DATE('6-24-1997','MM-DD-YYYY')   ,'2309480890', NULL   ,NULL,4   ,4);
  INSERT INTO ESTUDIANTE (ESTUDIANTE_ID, NOMBRE, AP_PATERNO, AP_MATERNO, FOTOGRAFIA, FECHA_NACIMIENTO, NUMERO_CUENTA, CEDULA_PROFESIONAL, TESIS_ID, CARRERA_ID, PLAN_ESTUDIOS_ID) VALUES (ESTUDIANTE_SEQ.NEXTVAL, 'CLEVEY', 'ANDREY', 'CLAUGHTON', NULL, TO_DATE('12-25-1996','MM-DD-YYYY')   ,'2304983089', NULL   ,NULL,1   ,4);
  INSERT INTO ESTUDIANTE (ESTUDIANTE_ID, NOMBRE, AP_PATERNO, AP_MATERNO, FOTOGRAFIA, FECHA_NACIMIENTO, NUMERO_CUENTA, CEDULA_PROFESIONAL, TESIS_ID, CARRERA_ID, PLAN_ESTUDIOS_ID) VALUES (ESTUDIANTE_SEQ.NEXTVAL, 'ALVA', 'SKAMAL', 'COHR', NULL, TO_DATE('5-26-1997','MM-DD-YYYY')           ,'2304329890', NULL   ,NULL,2   ,4);
  INSERT INTO ESTUDIANTE (ESTUDIANTE_ID, NOMBRE, AP_PATERNO, AP_MATERNO, FOTOGRAFIA, FECHA_NACIMIENTO, NUMERO_CUENTA, CEDULA_PROFESIONAL, TESIS_ID, CARRERA_ID, PLAN_ESTUDIOS_ID) VALUES (ESTUDIANTE_SEQ.NEXTVAL, 'SAUNDRA', 'LOWN', 'THOMPSTONE', NULL, TO_DATE('3-27-1998','MM-DD-YYYY')    ,'8340380900', NULL   ,NULL,3   ,4);
  INSERT INTO ESTUDIANTE (ESTUDIANTE_ID, NOMBRE, AP_PATERNO, AP_MATERNO, FOTOGRAFIA, FECHA_NACIMIENTO, NUMERO_CUENTA, CEDULA_PROFESIONAL, TESIS_ID, CARRERA_ID, PLAN_ESTUDIOS_ID) VALUES (ESTUDIANTE_SEQ.NEXTVAL, 'ADELIND', 'SWAITE', 'TOFFANELLI', NULL, TO_DATE('10-1-1995','MM-DD-YYYY')  ,'2387497889', NULL   ,NULL,4   ,4);
  INSERT INTO ESTUDIANTE (ESTUDIANTE_ID, NOMBRE, AP_PATERNO, AP_MATERNO, FOTOGRAFIA, FECHA_NACIMIENTO, NUMERO_CUENTA, CEDULA_PROFESIONAL, TESIS_ID, CARRERA_ID, PLAN_ESTUDIOS_ID) VALUES (ESTUDIANTE_SEQ.NEXTVAL, 'RODD', 'DRANE', 'BLAIK', NULL, TO_DATE('5-28-1995','MM-DD-YYYY')           ,'2039842038', NULL   ,NULL,1   ,4);
  
--CARGAS DE ESTUDIANTE_INSCRITO
  INSERT INTO ESTUDIANTE_INSCRITO (ESTUDIANTE_INSCRITO_ID,CURSO_ID,ESTUDIANTE_ID,CALIFICACION,NUM_INSCRIPCION) VALUES (ESTUDIANTE_INSCRITO_SEQ.NEXTVAL,8,1,8.0,12);
  INSERT INTO ESTUDIANTE_INSCRITO (ESTUDIANTE_INSCRITO_ID,CURSO_ID,ESTUDIANTE_ID,CALIFICACION,NUM_INSCRIPCION) VALUES (ESTUDIANTE_INSCRITO_SEQ.NEXTVAL,8,2,5.0,23);
  INSERT INTO ESTUDIANTE_INSCRITO (ESTUDIANTE_INSCRITO_ID,CURSO_ID,ESTUDIANTE_ID,CALIFICACION,NUM_INSCRIPCION) VALUES (ESTUDIANTE_INSCRITO_SEQ.NEXTVAL,8,3,6.0,43);
  INSERT INTO ESTUDIANTE_INSCRITO (ESTUDIANTE_INSCRITO_ID,CURSO_ID,ESTUDIANTE_ID,CALIFICACION,NUM_INSCRIPCION) VALUES (ESTUDIANTE_INSCRITO_SEQ.NEXTVAL,7,17,7.5,1);
  INSERT INTO ESTUDIANTE_INSCRITO (ESTUDIANTE_INSCRITO_ID,CURSO_ID,ESTUDIANTE_ID,CALIFICACION,NUM_INSCRIPCION) VALUES (ESTUDIANTE_INSCRITO_SEQ.NEXTVAL,7,21,9.5,3);
  INSERT INTO ESTUDIANTE_INSCRITO (ESTUDIANTE_INSCRITO_ID,CURSO_ID,ESTUDIANTE_ID,CALIFICACION,NUM_INSCRIPCION) VALUES (ESTUDIANTE_INSCRITO_SEQ.NEXTVAL,4,4,9.0,45);
  INSERT INTO ESTUDIANTE_INSCRITO (ESTUDIANTE_INSCRITO_ID,CURSO_ID,ESTUDIANTE_ID,CALIFICACION,NUM_INSCRIPCION) VALUES (ESTUDIANTE_INSCRITO_SEQ.NEXTVAL,4,5,7.5,54);
  INSERT INTO ESTUDIANTE_INSCRITO (ESTUDIANTE_INSCRITO_ID,CURSO_ID,ESTUDIANTE_ID,CALIFICACION,NUM_INSCRIPCION) VALUES (ESTUDIANTE_INSCRITO_SEQ.NEXTVAL,4,6,8.5,2);
  INSERT INTO ESTUDIANTE_INSCRITO (ESTUDIANTE_INSCRITO_ID,CURSO_ID,ESTUDIANTE_ID,CALIFICACION,NUM_INSCRIPCION) VALUES (ESTUDIANTE_INSCRITO_SEQ.NEXTVAL,4,7,8.0,4);
  INSERT INTO ESTUDIANTE_INSCRITO (ESTUDIANTE_INSCRITO_ID,CURSO_ID,ESTUDIANTE_ID,CALIFICACION,NUM_INSCRIPCION) VALUES (ESTUDIANTE_INSCRITO_SEQ.NEXTVAL,3,8,6.5,65);
  INSERT INTO ESTUDIANTE_INSCRITO (ESTUDIANTE_INSCRITO_ID,CURSO_ID,ESTUDIANTE_ID,CALIFICACION,NUM_INSCRIPCION) VALUES (ESTUDIANTE_INSCRITO_SEQ.NEXTVAL,3,9,7.0,43);
  INSERT INTO ESTUDIANTE_INSCRITO (ESTUDIANTE_INSCRITO_ID,CURSO_ID,ESTUDIANTE_ID,CALIFICACION,NUM_INSCRIPCION) VALUES (ESTUDIANTE_INSCRITO_SEQ.NEXTVAL,3,10,7.5,2);
  INSERT INTO ESTUDIANTE_INSCRITO (ESTUDIANTE_INSCRITO_ID,CURSO_ID,ESTUDIANTE_ID,CALIFICACION,NUM_INSCRIPCION) VALUES (ESTUDIANTE_INSCRITO_SEQ.NEXTVAL,3,11,6.0,2);
  INSERT INTO ESTUDIANTE_INSCRITO (ESTUDIANTE_INSCRITO_ID,CURSO_ID,ESTUDIANTE_ID,CALIFICACION,NUM_INSCRIPCION) VALUES (ESTUDIANTE_INSCRITO_SEQ.NEXTVAL,3,12,5.0,3);
  INSERT INTO ESTUDIANTE_INSCRITO (ESTUDIANTE_INSCRITO_ID,CURSO_ID,ESTUDIANTE_ID,CALIFICACION,NUM_INSCRIPCION) VALUES (ESTUDIANTE_INSCRITO_SEQ.NEXTVAL,1,13,7.5,4);
  INSERT INTO ESTUDIANTE_INSCRITO (ESTUDIANTE_INSCRITO_ID,CURSO_ID,ESTUDIANTE_ID,CALIFICACION,NUM_INSCRIPCION) VALUES (ESTUDIANTE_INSCRITO_SEQ.NEXTVAL,1,14,6.5,5);
  INSERT INTO ESTUDIANTE_INSCRITO (ESTUDIANTE_INSCRITO_ID,CURSO_ID,ESTUDIANTE_ID,CALIFICACION,NUM_INSCRIPCION) VALUES (ESTUDIANTE_INSCRITO_SEQ.NEXTVAL,1,15,7.0,7);
  INSERT INTO ESTUDIANTE_INSCRITO (ESTUDIANTE_INSCRITO_ID,CURSO_ID,ESTUDIANTE_ID,CALIFICACION,NUM_INSCRIPCION) VALUES (ESTUDIANTE_INSCRITO_SEQ.NEXTVAL,1,16,8.0,20);
  INSERT INTO ESTUDIANTE_INSCRITO (ESTUDIANTE_INSCRITO_ID,CURSO_ID,ESTUDIANTE_ID,CALIFICACION,NUM_INSCRIPCION) VALUES (ESTUDIANTE_INSCRITO_SEQ.NEXTVAL,1,18,8.5,25);
  INSERT INTO ESTUDIANTE_INSCRITO (ESTUDIANTE_INSCRITO_ID,CURSO_ID,ESTUDIANTE_ID,CALIFICACION,NUM_INSCRIPCION) VALUES (ESTUDIANTE_INSCRITO_SEQ.NEXTVAL,2,19,9.0,26);
  INSERT INTO ESTUDIANTE_INSCRITO (ESTUDIANTE_INSCRITO_ID,CURSO_ID,ESTUDIANTE_ID,CALIFICACION,NUM_INSCRIPCION) VALUES (ESTUDIANTE_INSCRITO_SEQ.NEXTVAL,2,20,9.0,29);
  INSERT INTO ESTUDIANTE_INSCRITO (ESTUDIANTE_INSCRITO_ID,CURSO_ID,ESTUDIANTE_ID,CALIFICACION,NUM_INSCRIPCION) VALUES (ESTUDIANTE_INSCRITO_SEQ.NEXTVAL,2,22,6.5,54);
  INSERT INTO ESTUDIANTE_INSCRITO (ESTUDIANTE_INSCRITO_ID,CURSO_ID,ESTUDIANTE_ID,CALIFICACION,NUM_INSCRIPCION) VALUES (ESTUDIANTE_INSCRITO_SEQ.NEXTVAL,2,23,9.5,76);
  INSERT INTO ESTUDIANTE_INSCRITO (ESTUDIANTE_INSCRITO_ID,CURSO_ID,ESTUDIANTE_ID,CALIFICACION,NUM_INSCRIPCION) VALUES (ESTUDIANTE_INSCRITO_SEQ.NEXTVAL,2,24,8.5,30);
  INSERT INTO ESTUDIANTE_INSCRITO (ESTUDIANTE_INSCRITO_ID,CURSO_ID,ESTUDIANTE_ID,CALIFICACION,NUM_INSCRIPCION) VALUES (ESTUDIANTE_INSCRITO_SEQ.NEXTVAL,10,49,7.0,92);
  INSERT INTO ESTUDIANTE_INSCRITO (ESTUDIANTE_INSCRITO_ID,CURSO_ID,ESTUDIANTE_ID,CALIFICACION,NUM_INSCRIPCION) VALUES (ESTUDIANTE_INSCRITO_SEQ.NEXTVAL,10,48,6.5,95);
  INSERT INTO ESTUDIANTE_INSCRITO (ESTUDIANTE_INSCRITO_ID,CURSO_ID,ESTUDIANTE_ID,CALIFICACION,NUM_INSCRIPCION) VALUES (ESTUDIANTE_INSCRITO_SEQ.NEXTVAL,10,47,7.0,76);
  INSERT INTO ESTUDIANTE_INSCRITO (ESTUDIANTE_INSCRITO_ID,CURSO_ID,ESTUDIANTE_ID,CALIFICACION,NUM_INSCRIPCION) VALUES (ESTUDIANTE_INSCRITO_SEQ.NEXTVAL,10,46,6.5,45);
  INSERT INTO ESTUDIANTE_INSCRITO (ESTUDIANTE_INSCRITO_ID,CURSO_ID,ESTUDIANTE_ID,CALIFICACION,NUM_INSCRIPCION) VALUES (ESTUDIANTE_INSCRITO_SEQ.NEXTVAL,12,44,9.5,2);
  INSERT INTO ESTUDIANTE_INSCRITO (ESTUDIANTE_INSCRITO_ID,CURSO_ID,ESTUDIANTE_ID,CALIFICACION,NUM_INSCRIPCION) VALUES (ESTUDIANTE_INSCRITO_SEQ.NEXTVAL,12,43,5.0,76);
  INSERT INTO ESTUDIANTE_INSCRITO (ESTUDIANTE_INSCRITO_ID,CURSO_ID,ESTUDIANTE_ID,CALIFICACION,NUM_INSCRIPCION) VALUES (ESTUDIANTE_INSCRITO_SEQ.NEXTVAL,12,42,7.0,4);
  INSERT INTO ESTUDIANTE_INSCRITO (ESTUDIANTE_INSCRITO_ID,CURSO_ID,ESTUDIANTE_ID,CALIFICACION,NUM_INSCRIPCION) VALUES (ESTUDIANTE_INSCRITO_SEQ.NEXTVAL,12,41,8.5,6);
  INSERT INTO ESTUDIANTE_INSCRITO (ESTUDIANTE_INSCRITO_ID,CURSO_ID,ESTUDIANTE_ID,CALIFICACION,NUM_INSCRIPCION) VALUES (ESTUDIANTE_INSCRITO_SEQ.NEXTVAL,11,40,NULL,7);
  INSERT INTO ESTUDIANTE_INSCRITO (ESTUDIANTE_INSCRITO_ID,CURSO_ID,ESTUDIANTE_ID,CALIFICACION,NUM_INSCRIPCION) VALUES (ESTUDIANTE_INSCRITO_SEQ.NEXTVAL,11,39,NULL,6);
  INSERT INTO ESTUDIANTE_INSCRITO (ESTUDIANTE_INSCRITO_ID,CURSO_ID,ESTUDIANTE_ID,CALIFICACION,NUM_INSCRIPCION) VALUES (ESTUDIANTE_INSCRITO_SEQ.NEXTVAL,11,1,9.0,7);
  INSERT INTO ESTUDIANTE_INSCRITO (ESTUDIANTE_INSCRITO_ID,CURSO_ID,ESTUDIANTE_ID,CALIFICACION,NUM_INSCRIPCION) VALUES (ESTUDIANTE_INSCRITO_SEQ.NEXTVAL,11,37,NULL,20);
  INSERT INTO ESTUDIANTE_INSCRITO (ESTUDIANTE_INSCRITO_ID,CURSO_ID,ESTUDIANTE_ID,CALIFICACION,NUM_INSCRIPCION) VALUES (ESTUDIANTE_INSCRITO_SEQ.NEXTVAL,11,36,NULL,87);
  INSERT INTO ESTUDIANTE_INSCRITO (ESTUDIANTE_INSCRITO_ID,CURSO_ID,ESTUDIANTE_ID,CALIFICACION,NUM_INSCRIPCION) VALUES (ESTUDIANTE_INSCRITO_SEQ.NEXTVAL,10,35,NULL,65);
  INSERT INTO ESTUDIANTE_INSCRITO (ESTUDIANTE_INSCRITO_ID,CURSO_ID,ESTUDIANTE_ID,CALIFICACION,NUM_INSCRIPCION) VALUES (ESTUDIANTE_INSCRITO_SEQ.NEXTVAL,10,33,NULL,43);
  INSERT INTO ESTUDIANTE_INSCRITO (ESTUDIANTE_INSCRITO_ID,CURSO_ID,ESTUDIANTE_ID,CALIFICACION,NUM_INSCRIPCION) VALUES (ESTUDIANTE_INSCRITO_SEQ.NEXTVAL,10,32,NULL,87);
  INSERT INTO ESTUDIANTE_INSCRITO (ESTUDIANTE_INSCRITO_ID,CURSO_ID,ESTUDIANTE_ID,CALIFICACION,NUM_INSCRIPCION) VALUES (ESTUDIANTE_INSCRITO_SEQ.NEXTVAL,10,31,NULL,23);
  INSERT INTO ESTUDIANTE_INSCRITO (ESTUDIANTE_INSCRITO_ID,CURSO_ID,ESTUDIANTE_ID,CALIFICACION,NUM_INSCRIPCION) VALUES (ESTUDIANTE_INSCRITO_SEQ.NEXTVAL,9,29,NULL,65);
  INSERT INTO ESTUDIANTE_INSCRITO (ESTUDIANTE_INSCRITO_ID,CURSO_ID,ESTUDIANTE_ID,CALIFICACION,NUM_INSCRIPCION) VALUES (ESTUDIANTE_INSCRITO_SEQ.NEXTVAL,9,28,NULL,8);
  INSERT INTO ESTUDIANTE_INSCRITO (ESTUDIANTE_INSCRITO_ID,CURSO_ID,ESTUDIANTE_ID,CALIFICACION,NUM_INSCRIPCION) VALUES (ESTUDIANTE_INSCRITO_SEQ.NEXTVAL,9,27,NULL,32);
  INSERT INTO ESTUDIANTE_INSCRITO (ESTUDIANTE_INSCRITO_ID,CURSO_ID,ESTUDIANTE_ID,CALIFICACION,NUM_INSCRIPCION) VALUES (ESTUDIANTE_INSCRITO_SEQ.NEXTVAL,15,26,5.0,42);
  INSERT INTO ESTUDIANTE_INSCRITO (ESTUDIANTE_INSCRITO_ID,CURSO_ID,ESTUDIANTE_ID,CALIFICACION,NUM_INSCRIPCION) VALUES (ESTUDIANTE_INSCRITO_SEQ.NEXTVAL,15,30,NULL,45);
  INSERT INTO ESTUDIANTE_INSCRITO (ESTUDIANTE_INSCRITO_ID,CURSO_ID,ESTUDIANTE_ID,CALIFICACION,NUM_INSCRIPCION) VALUES (ESTUDIANTE_INSCRITO_SEQ.NEXTVAL,16,34,NULL,87);
  INSERT INTO ESTUDIANTE_INSCRITO (ESTUDIANTE_INSCRITO_ID,CURSO_ID,ESTUDIANTE_ID,CALIFICACION,NUM_INSCRIPCION) VALUES (ESTUDIANTE_INSCRITO_SEQ.NEXTVAL,16,38,6.5,23);
  INSERT INTO ESTUDIANTE_INSCRITO (ESTUDIANTE_INSCRITO_ID,CURSO_ID,ESTUDIANTE_ID,CALIFICACION,NUM_INSCRIPCION) VALUES (ESTUDIANTE_INSCRITO_SEQ.NEXTVAL,16,42,8.0,65);
  INSERT INTO ESTUDIANTE_INSCRITO (ESTUDIANTE_INSCRITO_ID,CURSO_ID,ESTUDIANTE_ID,CALIFICACION,NUM_INSCRIPCION) VALUES (ESTUDIANTE_INSCRITO_SEQ.NEXTVAL,16,45,NULL,72);
  INSERT INTO ESTUDIANTE_INSCRITO (ESTUDIANTE_INSCRITO_ID,CURSO_ID,ESTUDIANTE_ID,CALIFICACION,NUM_INSCRIPCION) VALUES (ESTUDIANTE_INSCRITO_SEQ.NEXTVAL,16,50,NULL,45);
  
--CARGAS DE CARRERA ASIGNATURA

  INSERT INTO CARRERA_ASIGNATURA (CARRERA_ASIGNATURA_ID,ASIGNATURA_ID,CARRERA_ID) VALUES (CARRERA_ASIGNATURA_SEQ.NEXTVAL,3,1);
  INSERT INTO CARRERA_ASIGNATURA (CARRERA_ASIGNATURA_ID,ASIGNATURA_ID,CARRERA_ID) VALUES (CARRERA_ASIGNATURA_SEQ.NEXTVAL,4,1);
  INSERT INTO CARRERA_ASIGNATURA (CARRERA_ASIGNATURA_ID,ASIGNATURA_ID,CARRERA_ID) VALUES (CARRERA_ASIGNATURA_SEQ.NEXTVAL,7,1);
  INSERT INTO CARRERA_ASIGNATURA (CARRERA_ASIGNATURA_ID,ASIGNATURA_ID,CARRERA_ID) VALUES (CARRERA_ASIGNATURA_SEQ.NEXTVAL,8,1);

commit;